pdbid,-logKd/Ki,release_year
5e7n,6.09,2016
5nk6,6.8,2017
3ekw,7.96,2009
5v82,10.15,2017
1qk3,5.15,1999
2ogy,4.48,2007
1jqy,4.92,2002
4rd3,6.47,2015
3hll,8.24,2009
1lpk,7.55,2003
2i4v,11.2,2007
5n84,7.96,2017
5o07,7.47,2017
5sz5,7.7,2016
5x62,6.42,2017
3v4t,4.11,2012
4zme,4.3,2015
5h9r,6.08,2016
6o0o,7.44,2019
6mub,7.0,2018
5ko1,6.64,2016
3aid,6.86,1997
5qay,3.23,2018
1xow,9.28,2004
4d3h,6.43,2014
5obg,7.13,2018
5iyy,4.77,2017
5cst,6.96,2015
3ebi,7.1,2009
1m0n,2.22,2002
2qi3,10.2,2008
3oaf,8.8,2011
3bgc,5.02,2008
1kuk,3.91,2002
4tim,2.16,1992
5hz8,6.4,2016
3pcg,2.3,1998
5elw,7.85,2016
4qj0,7.32,2015
6e5t,6.55,2019
6cwh,7.54,2018
6eij,5.77,2018
4rlu,4.82,2015
4bi7,4.58,2013
3m5e,7.37,2010
5vij,7.61,2017
1o2r,5.21,2003
2qta,5.76,2007
4b9k,6.17,2012
4kxn,6.1,2014
6if0,6.51,2019
6k04,8.04,2019
3sug,6.21,2012
3n2p,7.82,2011
5tcy,7.66,2017
4hy1,8.7,2013
5mz8,2.31,2017
5i9z,8.05,2016
4qij,5.54,2014
2ydw,7.34,2011
5ma7,3.47,2017
3t0d,2.37,2012
3udd,7.1,2012
188l,3.33,1995
1fd0,8.4,2002
4rrg,2.81,2015
6uh0,6.07,2019
2pwd,4.4,2007
4kyk,4.74,2013
1ec9,3.1,2000
1o5e,5.74,2004
1sw2,7.22,2004
3ebh,6.32,2009
2idw,8.89,2006
6ueg,4.71,2019
5qa8,3.77,2018
3rbu,9.43,2012
3ewj,6.84,2008
3ccw,7.87,2008
4bcm,6.91,2013
4bf6,8.35,2014
4r76,7.85,2014
2rio,4.69,2008
4tkj,6.04,2015
1hee,5.34,2001
3v2q,6.29,2013
6iiu,7.96,2018
3zps,8.3,2013
4cjq,3.59,2014
1fzo,7.89,2001
2yxj,9.3,2007
6qqz,6.74,2019
1r1j,8.64,2004
4q4r,6.43,2014
4tu4,3.76,2014
4ad3,4.62,2012
6o0k,10.74,2019
5fsx,2.72,2016
3kr4,7.6,2010
5oqu,3.61,2018
5fck,8.22,2016
5c1w,5.06,2015
1gi1,5.47,2002
4q1y,10.35,2015
1t4v,7.68,2005
3huc,5.99,2010
4io4,4.61,2013
4hla,10.8,2013
2afx,5.15,2005
3bra,2.7,2008
6d9s,5.96,2019
4etz,6.3,2012
4az5,5.99,2013
2brm,5.89,2005
6g37,7.37,2018
4rr6,6.0,2015
4m0r,5.21,2014
1b8o,10.64,1999
4ruy,7.89,2015
4xir,6.94,2015
4pmm,7.57,2014
4kp5,6.08,2013
6im4,7.4,2019
3ekt,10.59,2009
1gwv,2.57,2003
3uxk,4.93,2012
6n5x,4.6,2019
4std,10.33,1999
3m3x,6.82,2010
1g7v,6.4,2001
3o9d,10.72,2011
186l,4.85,1995
6qgf,6.0,2019
4dv8,9.24,2012
5ufc,5.16,2017
4xu2,9.23,2015
1i9p,8.41,2001
6dq4,4.92,2018
4crb,7.57,2015
4kyh,5.92,2013
5jhb,6.06,2017
3npc,8.34,2010
5yqx,6.96,2018
3lpp,6.22,2010
3f48,6.29,2008
1h5v,3.93,2002
1jvu,5.15,2002
1g74,6.52,2003
3t3u,8.6,2012
3uz5,7.22,2012
6ql2,7.77,2019
2xn3,5.92,2011
5f2u,8.43,2016
3s8l,5.64,2011
4np2,2.26,2014
6qqq,5.17,2019
6msy,7.0,2018
3vje,8.01,2012
4xaq,7.14,2015
3s43,8.6,2012
4h3f,9.0,2012
1zgi,5.34,2005
4djq,10.32,2012
5nk8,6.64,2017
4nbk,3.87,2014
6elo,6.29,2018
4v24,8.37,2014
1o0m,5.15,2003
6b4l,6.47,2017
6rih,3.98,2019
6h38,8.11,2018
6aox,4.82,2018
6n95,5.12,2019
6nwk,7.7,2019
4cwn,5.59,2014
5a6x,6.69,2016
5ufr,8.7,2017
6jav,5.76,2019
4ek9,4.42,2012
4ibj,4.33,2014
3l4y,7.0,2010
4f1l,5.12,2012
3dln,6.6,2008
2xn5,6.69,2011
6cjv,5.66,2018
6h2t,4.82,2018
1aj7,3.87,1997
1fzj,8.1,2001
5flo,3.15,2016
2ccb,7.45,2006
1onz,5.1,2003
5u0d,4.54,2017
1b7h,8.02,1998
2xbp,5.02,2010
2yz3,6.66,2008
4q7v,3.59,2015
6dif,10.72,2018
1o2j,6.92,2003
3p5l,7.39,2011
2r43,6.0,2008
4iid,5.62,2013
6udv,10.29,2019
2q5k,11.3,2007
5u0z,6.19,2017
4je8,5.21,2014
2xyd,6.82,2011
4asj,7.55,2012
1j36,7.74,2003
1pr5,3.92,2003
5d25,6.3,2016
6gxg,5.24,2019
1b46,5.28,1999
5bw4,4.17,2016
4loh,6.96,2013
4fai,6.99,2012
4q93,4.65,2014
3g5k,9.52,2009
6ayt,8.85,2018
1cgl,6.87,1995
1y6q,11.7,2005
4bt3,3.12,2013
3nes,5.62,2010
4h81,5.12,2013
2z94,5.85,2007
4ck3,3.57,2014
1r9l,5.4,2004
5d6j,4.44,2016
4jss,3.3,2013
2ewa,7.94,2006
1hfs,8.7,1998
5dh5,9.64,2016
6eqp,5.96,2017
6g27,3.14,2019
5ut6,4.24,2017
3cke,6.1,2008
3ekv,9.41,2009
2zdn,6.25,2008
1y3x,5.14,2005
5j3l,4.8,2017
5lvr,3.6,2016
1q84,11.05,2004
1g32,6.11,2001
4g0q,2.52,2012
3mfw,3.52,2010
2j7d,7.13,2006
2ax9,9.52,2005
2fzg,3.38,2006
3k1j,6.4,2010
1nt1,8.89,2003
6aro,5.15,2018
2zq0,6.82,2008
5sz3,8.6,2016
5oq8,5.85,2017
6mh1,5.92,2019
5g5z,5.66,2017
1ajx,7.91,1997
4ua8,6.26,2014
6qrc,4.89,2019
5vd1,6.0,2017
4ko8,7.15,2013
1lyx,4.54,2003
3su3,9.13,2012
4isi,8.14,2013
1b3h,6.21,1998
5dw2,5.84,2016
6cze,4.03,2018
3vhk,4.6,2012
1tcx,6.95,1996
4o2c,8.0,2014
2r23,3.72,2008
3cj2,4.85,2008
5jsj,5.4,2017
6q4e,3.46,2019
2pbw,8.25,2007
6i8m,7.8,2019
3ipq,7.57,2010
1lkk,6.85,1996
4qfl,5.11,2015
2hnx,7.08,2006
3nq3,3.78,2010
1ppl,8.55,1993
4gki,4.46,2012
5js3,6.73,2016
1a9m,6.92,1998
4cwf,4.49,2014
5zvw,8.62,2018
5hz5,7.07,2017
3ibl,7.84,2009
5os2,2.74,2017
6jay,5.7,2019
5fho,6.67,2016
1atr,6.96,1993
4lko,8.22,2013
1pme,9.4,1999
5l9g,7.7,2016
3ru1,4.85,2011
1f8c,7.4,2001
4pvy,6.71,2015
6gvf,7.55,2019
6i8t,5.75,2019
4axd,4.43,2012
4j47,4.92,2013
6ud2,10.21,2019
3x00,9.08,2015
4or4,4.57,2015
4zgk,5.51,2016
4zae,8.44,2015
4umb,4.0,2014
1xhy,6.18,2005
5edl,8.35,2016
3p8p,4.55,2010
6g2c,4.66,2019
5nw2,6.49,2017
4ibi,4.14,2014
3ggu,9.77,2009
3uj9,4.63,2011
3zhx,6.68,2013
1s19,9.51,2004
2q6f,5.44,2008
5g1a,6.57,2017
5dit,6.15,2015
1yds,5.92,1997
2r5a,2.6,2007
5irr,5.27,2017
1jn4,4.95,2003
1loq,3.7,2002
6e4a,7.36,2018
5m04,6.34,2017
4duh,5.18,2012
2uwl,8.4,2007
3zln,8.47,2013
5upe,8.05,2017
5e89,7.85,2016
1wn6,4.68,2005
6j0g,5.64,2019
5kqx,8.44,2016
4c9x,7.32,2014
3t1m,3.04,2011
6hax,7.59,2019
6fhu,2.64,2018
1mrn,4.52,2003
3sw8,4.5,2011
1gaf,8.0,1996
1xq0,6.34,2005
1uj5,3.05,2004
6gl9,6.87,2018
5d1r,4.84,2015
4i54,6.96,2013
3rlb,9.92,2011
1o2w,5.85,2003
2qrk,4.26,2007
2r1y,4.51,2008
2xyf,8.44,2011
2y5g,6.84,2011
4bj8,8.29,2013
5gmh,6.31,2016
4ieh,7.85,2013
5nn6,5.52,2017
2vvv,8.22,2009
5v7a,6.38,2017
5fyx,4.16,2017
5v79,6.41,2017
5uoo,8.85,2017
1v2u,3.37,2004
4m8h,7.6,2014
2qzr,7.26,2007
4abe,3.4,2012
6eqx,10.47,2018
3d51,4.15,2008
1iih,2.89,2001
6s4t,7.95,2019
5nk4,8.7,2017
2xhm,6.8,2010
4wov,7.14,2015
1trd,5.4,1993
4y0a,2.31,2015
4gbd,11.32,2013
4q09,8.17,2015
5e73,4.64,2015
5wyz,7.68,2017
6gwr,8.1,2018
5j6a,7.77,2017
2c3l,5.07,2005
1mue,8.64,2004
6pge,3.62,2019
5j7q,4.58,2016
2qg2,5.4,2008
966c,7.64,1999
2aoc,4.89,2006
4zls,9.09,2015
3bkl,6.17,2008
4lk7,5.04,2013
1g2l,7.24,2001
3f18,7.4,2008
5upf,8.6,2017
3c8b,6.1,2008
2fqt,6.14,2006
2pvk,8.3,2008
4bup,4.95,2013
5a81,5.54,2015
1t7j,8.7,2005
2vk2,6.89,2009
4iie,2.34,2013
3bex,5.57,2008
2p7a,6.1,2008
6d55,7.36,2018
4e70,5.28,2013
3rf5,5.63,2011
1cbx,6.35,1994
2zxg,8.82,2009
3ibu,9.15,2009
4lvt,10.36,2013
3st5,11.3,2011
1a1e,6.0,1998
6pg8,3.85,2019
2oag,8.47,2007
4q99,6.28,2015
5flq,2.97,2016
4ezz,5.19,2013
1cnw,7.72,1995
3hig,7.89,2009
1xbo,6.04,2004
5wp5,5.34,2017
2iko,5.45,2006
2cen,8.3,2007
1lke,7.52,2003
3hky,7.1,2010
4c5d,5.4,2014
1d4i,8.85,2002
6eq1,4.61,2018
5cap,7.28,2015
5n1r,7.95,2017
3zsy,3.23,2012
5hu9,7.62,2016
4og4,6.02,2014
4ty6,7.52,2014
1bn1,9.34,1999
4kz7,2.49,2014
3qbc,4.97,2012
1aid,4.82,1997
1b3l,5.89,1998
4kb9,11.0,2013
1uz8,4.96,2004
3upk,4.3,2012
3usx,5.02,2012
2jkh,8.05,2009
4ahr,2.19,2012
4m3p,5.4,2014
3kku,5.7,2010
5h1u,3.51,2017
2vwn,8.0,2009
1lee,7.74,2002
2g5u,8.49,2006
6n3w,5.81,2019
4rn4,6.94,2015
4mr3,5.94,2013
1gnn,5.68,1996
3g35,4.68,2009
1nvs,7.82,2003
4br3,5.72,2013
1qbn,5.85,2000
5jhk,4.64,2017
4ih6,4.74,2013
4lj5,6.29,2014
4aq4,6.17,2012
2gj5,8.32,2007
4zcs,4.33,2016
4mre,2.19,2014
1nli,3.59,2003
3vfa,9.19,2012
3s0b,6.49,2011
1w13,8.7,2008
3el5,7.72,2009
6qlq,4.51,2019
5wmg,8.21,2018
1ypg,8.0,2006
5d3p,5.13,2016
2wyj,9.0,2010
6e22,8.89,2019
1ajv,7.72,1997
3pb9,6.58,2011
5ayt,6.77,2016
6ftz,3.0,2018
2v25,5.72,2007
4poj,8.1,2014
3o8p,6.46,2010
3t3c,10.23,2012
6ayq,8.19,2018
4j22,7.74,2013
3iob,3.42,2009
4ufh,6.42,2015
3ikd,6.75,2009
4ab9,3.33,2012
6dys,4.25,2019
6t1j,4.74,2019
3ucj,6.0,2011
3znr,7.44,2013
3zns,7.41,2013
1bnu,9.7,1999
4tz2,3.46,2014
2zx6,10.6,2009
5kva,5.14,2016
6fuh,3.77,2018
2oc2,8.52,2007
2qi0,7.38,2008
2ovy,8.4,2007
2qpq,6.37,2007
6ibk,3.29,2019
4ht2,6.54,2013
1izi,6.59,2002
5fnf,3.15,2016
3iw6,5.48,2009
6qmj,7.36,2019
5ljt,8.92,2017
3d6o,4.11,2009
3bqc,5.73,2008
3wha,9.32,2014
3a1e,2.66,2009
3tf6,6.4,2011
6cvf,6.35,2018
2jh0,8.7,2007
3fvl,6.07,2010
4agm,3.98,2012
3hku,8.3,2009
6g2e,5.01,2019
4azb,7.24,2013
1l83,3.4,1993
3gta,4.28,2010
2vo4,4.94,2008
1qin,8.0,1999
1ik4,7.41,2001
5afv,5.59,2015
4rfr,6.54,2016
4llp,4.8,2014
1pzp,3.31,2004
3old,5.9,2011
3pcn,3.66,1998
4ly9,8.15,2013
3shc,5.72,2012
4ufm,3.72,2015
5l9l,7.1,2016
2fqx,7.15,2006
2jjb,7.92,2009
5ovp,5.04,2018
2zx8,9.64,2009
1if7,10.52,2001
4oc3,8.28,2014
5neb,7.77,2017
1lag,6.3,1995
1rnm,3.07,1996
6r8l,6.17,2019
2byr,8.55,2005
1gno,7.7,1996
4ksy,8.42,2013
1gai,8.0,1996
5u8c,7.53,2017
6iou,3.73,2019
5ji8,4.63,2016
1pyn,5.49,2003
1sld,6.57,1996
3t8v,6.59,2011
4cwt,6.75,2014
5h5f,4.43,2017
4k0y,7.82,2013
4h7q,5.06,2013
4qge,9.3,2014
2std,9.85,1999
5ehw,3.0,2016
1fcx,7.19,2000
2f94,6.71,2006
4uma,5.41,2014
2x7t,6.63,2010
5zyg,5.21,2019
3f5k,4.62,2009
2qi7,10.21,2008
4aj4,3.89,2012
4k3h,6.85,2013
5f9b,4.26,2016
6mlg,5.05,2019
4lm0,3.25,2014
6hai,7.94,2018
1laf,7.85,1995
3kgu,5.92,2010
5mnn,3.84,2018
3qfy,6.12,2011
5ot9,4.07,2017
2qhz,7.28,2008
3ozp,6.62,2011
3f19,7.19,2008
2v2v,4.07,2007
2rkf,9.08,2008
5eh5,5.87,2016
4dmw,4.94,2012
4cga,6.4,2014
4pvx,6.76,2015
1b5h,6.01,1998
4lj8,5.82,2014
6i8y,6.74,2018
6hgj,4.38,2019
5o9q,5.21,2018
5os4,2.78,2017
4o2p,6.7,2015
4k5p,3.46,2013
2e2p,4.74,2007
4fsl,7.7,2012
3tza,5.5,2011
2a5s,6.7,2005
2web,5.12,1998
2vzr,4.28,2009
3ljg,7.73,2010
4bam,8.94,2013
5llo,9.4,2017
3p3g,9.74,2011
4oiv,5.08,2015
6ugn,6.12,2019
4eu0,6.4,2012
3s72,6.4,2011
2reg,5.64,2008
3ibn,7.61,2009
5jq5,5.63,2017
6dyu,10.26,2019
5fto,8.21,2016
5f1h,7.85,2016
4tkh,5.74,2015
5oa2,5.01,2018
1w4p,4.74,2005
4w9k,6.54,2014
1w9v,6.34,2005
1e6s,3.22,2000
1f0t,6.0,2000
1dzk,6.1,2000
6gj6,4.7,2019
6oe1,8.51,2019
6udi,10.0,2019
1v16,3.87,2004
1xka,6.88,1999
4h3j,7.05,2012
2weh,5.95,2009
5eu1,7.81,2016
1km3,4.91,2002
6hay,7.01,2019
3rz1,8.74,2011
6qr3,6.44,2019
4e6d,8.92,2012
3cyw,7.77,2008
4u69,4.26,2015
6gxb,7.46,2019
1hyo,4.07,2001
3s0e,6.55,2011
3tmk,6.87,1999
2ygf,5.09,2011
1s5z,3.21,2005
1ydk,5.89,2005
6qr4,6.23,2019
3n9r,7.15,2010
3re4,7.4,2012
1vfn,5.6,1997
1qyg,6.85,2003
3fl5,7.28,2009
2cf8,8.1,2006
2i4d,11.68,2007
2h21,6.54,2006
2r9x,4.85,2008
1c86,4.7,2000
4b7p,9.46,2013
1efy,8.22,2001
5ya5,6.72,2018
5fnc,4.11,2016
4u0w,3.0,2015
5yas,3.26,1999
3u92,7.48,2012
3ujd,4.69,2011
4zw8,5.96,2016
4r75,7.24,2015
1kug,3.8,2002
5fh8,6.77,2016
5ijr,3.2,2017
3dx4,7.12,2009
3lp4,4.88,2010
3cft,4.19,2009
6f20,4.31,2018
4uc5,5.48,2015
1xd0,7.12,2004
2pql,7.28,2007
4phu,7.92,2014
4pox,5.43,2014
1iiq,7.48,2002
4bao,8.37,2013
5nki,7.72,2017
1f0r,7.66,2000
3str,8.4,2011
3i6o,10.35,2009
5ult,10.85,2017
4i8w,10.9,2013
1qkb,7.35,1999
4i8n,4.46,2012
1o30,6.77,2003
1pxo,8.7,2004
1w9u,6.09,2004
4yml,8.35,2015
6bdy,5.69,2018
3tb6,5.08,2012
5vm0,8.8,2018
1jev,6.89,1997
1msm,10.48,2003
2oxn,7.44,2007
4jal,4.6,2013
3q1x,5.33,2011
3mmf,7.43,2011
4att,6.98,2013
2qnn,7.15,2008
3i51,7.7,2010
5k0h,7.09,2016
5org,8.4,2017
5etb,4.54,2016
5e13,4.24,2015
5i29,7.82,2016
3n0n,7.3,2011
5u6j,7.64,2017
1oau,7.7,2004
3ckp,6.35,2008
1ghz,4.8,2002
1n4h,6.55,2003
1g98,5.7,2001
1v2n,5.9,2004
3ta0,3.47,2011
3dsz,7.77,2009
4gj2,8.6,2013
3roc,8.19,2011
2q8h,3.0,2007
3ap4,3.92,2011
3buf,3.1,2008
6exj,4.33,2018
2fqy,6.57,2006
6ppy,4.44,2019
6hni,4.03,2019
1tsy,4.96,1996
2jiw,4.59,2007
1nm6,10.05,2003
2pwc,6.57,2008
2yme,7.66,2012
5ivc,5.92,2016
6fnq,4.59,2018
6olx,5.38,2019
3neo,5.92,2010
2cej,8.62,2007
1pkx,6.92,2004
1bxr,3.4,1999
5nxw,7.24,2018
3o4k,7.62,2010
5fsn,5.77,2016
1e1x,5.89,2001
6i62,6.8,2019
6h8s,4.42,2018
4bck,8.4,2013
1ew8,2.26,2002
5cp5,5.91,2016
1qbs,9.47,1997
2vw2,3.3,2008
3ejq,8.57,2009
3o7u,7.28,2011
5fs5,6.69,2016
1ugx,5.91,2003
5btv,3.85,2016
3f5j,4.28,2009
1b3g,6.7,1998
2gkl,5.35,2007
5vcy,6.57,2017
2e94,8.0,2007
5meh,6.32,2016
6g38,6.62,2018
5tpx,6.55,2017
2weo,6.93,2009
4ish,8.72,2013
4zo5,9.82,2015
4whs,4.12,2014
3rv4,2.3,2011
3bgs,9.42,2008
1xr9,7.15,2005
4loi,6.77,2013
4epy,3.47,2012
5var,4.09,2018
1c1v,7.64,2000
3lgs,4.61,2010
4o9w,7.16,2014
4qnb,6.59,2014
4m2r,8.49,2013
4lbu,6.56,2014
3r4n,6.89,2011
3iph,7.6,2009
2sim,3.42,1994
4x5q,9.0,2015
2zq2,6.56,2009
1ax0,3.13,1998
2q2a,7.41,2008
1gar,10.0,1995
2bpv,7.67,1999
5zag,6.97,2018
6csp,8.52,2018
5oss,4.55,2018
6cdj,11.7,2018
1z71,9.18,2005
4zei,5.88,2015
2i4u,11.57,2007
5o2d,5.68,2017
4djo,11.52,2012
3rz8,8.17,2011
1lgw,4.0,2002
3c2o,3.35,2008
1v7a,8.01,2004
1zdp,5.74,2005
4bak,8.91,2013
4b32,3.34,2013
4z0q,8.17,2015
4nra,4.19,2013
2w8w,2.12,2009
3bug,3.18,2008
1b5j,7.43,1999
5anu,9.4,2016
5zg1,7.72,2019
4o0b,8.3,2014
6eq2,5.89,2018
4z2b,7.76,2015
2vj8,8.7,2008
1q7a,7.19,2004
3muz,3.46,2011
3sio,8.0,2011
5uff,4.24,2017
2vqt,6.0,2008
6dyw,10.44,2019
4rqv,5.05,2014
4hp0,6.12,2013
4ipi,5.32,2013
4mmm,3.82,2014
6hoq,6.39,2019
6f05,4.47,2018
4up5,2.6,2014
1lzq,8.39,2003
2wc4,5.29,2009
5k0m,8.82,2017
1w0z,7.68,2008
6d5h,6.92,2018
6e7u,6.92,2019
6c7w,5.47,2018
6p3t,7.32,2019
5iwg,6.46,2016
6d1g,4.47,2019
2bmk,5.62,2006
4sga,7.3,1991
3l3m,8.22,2010
3lk8,7.71,2010
1rp7,8.52,2004
1s89,5.24,2004
4zbi,6.51,2015
1uwt,5.97,2004
4d7b,7.68,2016
5oei,5.8,2017
1nw4,9.07,2004
5oh7,4.37,2018
6m8q,6.43,2019
4baq,9.01,2013
4x6o,8.72,2015
3zpu,8.38,2013
3i4y,7.05,2010
1ony,6.77,2003
3p17,4.48,2011
3jrx,9.0,2010
2wk6,3.32,2009
6t1l,4.77,2019
3zyu,7.0,2011
1ft7,5.18,2000
4ezr,5.2,2013
6eyb,5.37,2018
3a9i,4.15,2009
5hbs,7.73,2016
3b3x,3.6,2007
5ive,7.57,2016
5j8m,6.8,2017
4yth,8.7,2015
1hmr,6.55,1995
1jaq,4.48,1996
5hwu,5.27,2016
2wnj,6.48,2009
3bkk,6.08,2008
1odi,4.21,2003
3ies,9.92,2010
2h15,5.67,2007
4ewn,6.7,2012
4avh,7.23,2012
4m13,6.7,2014
3brn,8.7,2008
2xab,9.27,2010
1sdv,8.74,2004
3o84,7.24,2010
6ouv,5.55,2019
5op5,6.67,2017
3ivx,5.74,2009
2cf9,7.82,2006
1yp9,5.11,2006
1v2s,4.17,2004
6fcj,7.15,2019
1yvm,6.4,2005
4q0k,4.87,2014
6eyt,5.72,2018
3d0e,8.4,2008
6b4u,7.68,2017
1b4h,5.46,1998
6mg5,4.69,2019
1swg,7.36,1998
1uou,7.7,2004
2oxy,6.52,2007
2bes,4.24,2004
3m37,9.04,2010
4bah,8.7,2013
2o4l,9.22,2006
6bm5,5.84,2018
5fso,6.09,2017
3zdv,5.48,2013
1yet,5.92,1998
1v1m,3.94,2004
4yrd,4.57,2015
3tcg,5.87,2011
3eft,7.92,2009
3qox,6.57,2011
5ovr,4.57,2017
5oh3,3.87,2018
6r18,4.92,2019
6o9c,7.55,2019
4nuc,6.04,2014
4btk,6.62,2013
3hzv,6.52,2010
4dsy,4.43,2012
4loy,8.09,2014
4ipn,3.39,2013
2uxz,8.48,2008
6pi5,6.96,2019
4c1y,3.6,2014
5gs9,5.26,2016
2w08,3.42,2009
4omc,10.78,2014
3f33,3.34,2009
3pe2,9.76,2011
5i9x,7.52,2016
1aaq,8.4,1994
2uwp,6.81,2007
4aq6,4.8,2013
5tb6,5.82,2016
1eld,6.7,1995
5od1,5.96,2018
6szp,4.74,2019
5osl,3.43,2018
1d6v,6.17,2000
3evd,6.91,2009
5n93,8.66,2017
3qxt,5.22,2011
2cc7,8.01,2006
6quv,3.0,2019
2hl4,7.64,2007
4jfk,6.44,2013
6g2m,7.82,2018
3ewc,7.7,2009
4rux,7.92,2015
5ep7,5.4,2016
5lli,7.05,2016
5csp,4.24,2016
1x8d,2.21,2005
4q4o,7.46,2014
4crf,9.3,2015
6hrq,7.09,2018
4lm4,3.04,2014
1o2q,7.68,2003
1e3g,9.0,2001
2wuf,4.29,2009
6epz,7.14,2018
2q38,5.23,2007
1u33,4.6,2004
2v58,9.09,2009
1j17,5.22,2002
5edb,7.0,2016
4mhz,6.87,2014
3hcm,3.3,2010
5x54,5.0,2017
1w5w,8.8,2004
5g45,3.3,2016
4acc,7.7,2012
4x3k,4.56,2015
1bp0,5.4,2000
1h2k,2.92,2002
1r0p,8.0,2003
5n6s,8.09,2017
3p9m,5.0,2011
4pum,6.73,2014
6oqc,10.4,2019
3uug,4.51,2012
3s0d,7.05,2011
5eij,5.31,2016
4k3n,7.96,2013
4m8y,9.96,2014
1hi5,4.04,2001
1met,9.4,1998
6udu,9.3,2019
5zyl,7.06,2019
4s1g,9.22,2015
4qgd,7.43,2014
1q65,5.46,2004
5oku,6.26,2017
4b6r,5.85,2012
3vfb,9.04,2012
1syh,6.41,2005
1c88,5.29,2000
2ca8,4.66,2006
6poi,3.49,2019
5ndf,5.85,2017
1zp8,8.77,2005
1m2x,4.15,2003
5n1z,8.19,2017
5d3c,10.4,2016
4cp5,3.34,2015
4eoh,4.3,2012
4nbl,6.33,2014
6got,9.4,2018
3kv2,7.32,2009
6eif,6.98,2018
6gzd,8.01,2018
2oax,8.65,2007
3rz7,8.96,2011
5dyo,10.21,2016
6b96,7.84,2017
4p5d,5.82,2014
1x8t,7.8,2005
4kow,4.31,2013
1os0,6.03,2003
1f74,3.05,2000
1v2o,4.73,2004
2x96,4.03,2010
4b6p,7.13,2012
2wq5,3.74,2010
1ec2,10.0,2002
1y0l,9.0,2005
3k5x,6.41,2010
4ej8,5.39,2013
4cpy,6.31,2014
6jof,4.98,2019
3n3j,8.48,2011
4n6z,7.8,2013
4aia,3.66,2012
4r4c,5.54,2014
5a2i,5.06,2015
6gue,8.4,2018
5w2s,7.33,2018
2ans,5.92,1999
1eb2,6.01,2002
4dew,7.0,2012
4qf9,4.43,2015
8a3h,4.06,2000
6ugp,6.16,2019
5hrx,5.29,2016
1pa9,4.6,2003
2rkd,2.72,2008
5g4m,3.86,2016
5xsr,7.69,2018
4k4j,6.12,2013
5j20,9.14,2017
2haw,4.92,2006
4zek,5.66,2015
3d78,7.64,2009
4mc9,9.44,2014
1b9j,5.96,1999
2r2m,7.33,2008
5e2k,8.03,2016
4ddm,2.46,2013
6guk,6.15,2018
1j16,3.84,2002
6gj8,5.87,2019
6dzx,5.46,2019
6ssy,3.19,2019
6d1h,3.72,2019
5o58,6.72,2017
6pga,4.54,2019
6f1n,6.26,2018
3t2w,7.46,2012
3acx,5.7,2010
3dcc,8.96,2009
5mrb,6.33,2017
6o48,7.12,2019
3wto,6.92,2015
4u8w,11.24,2014
4cfl,5.88,2014
1g46,8.8,2000
3lea,9.1,2010
1fo0,5.59,2000
3iww,7.96,2009
2yk1,8.13,2011
3u93,6.31,2012
4re2,4.98,2015
3exe,6.96,2008
5a5q,4.68,2015
4cc5,4.42,2014
5g2g,6.05,2016
3ime,3.0,2009
4fs4,6.57,2012
5i88,6.6,2016
1yqj,8.14,2005
5y8y,7.09,2018
3hvj,8.7,2009
6gjl,3.86,2018
2qw1,3.9,2008
5ymx,6.92,2018
4gq4,7.66,2012
3sfg,6.06,2012
1nje,3.8,1996
5nkb,9.12,2017
4lhv,10.0,2013
4xtx,10.57,2015
5ix0,6.28,2016
4tun,5.41,2014
1bnn,10.0,1999
3agl,7.8,2010
3s9e,5.13,2011
1sl3,11.85,2004
1nfx,8.52,2003
2gvj,9.52,2006
1kui,3.77,2002
4rww,5.85,2014
3b24,4.38,2011
2xjx,9.15,2010
3nzk,9.27,2011
3nuo,9.8,2010
4g0z,2.21,2012
3p3s,7.59,2011
3ljo,6.62,2010
5efj,6.46,2016
6cjs,9.7,2019
1lhu,8.83,2002
3fee,6.64,2009
2b9a,8.05,2005
2bys,9.52,2005
3sm2,9.7,2011
5wa9,6.76,2017
5cqu,6.54,2015
5lwm,8.87,2016
2psv,7.24,2007
3i5z,8.7,2010
2cle,3.55,2007
6py0,6.41,2019
5orh,4.39,2018
3t82,7.0,2011
1qy1,6.52,2004
4h3g,8.22,2012
5h1t,3.8,2017
6fsy,6.61,2018
3hb4,9.05,2009
3ove,6.57,2011
3owj,6.07,2010
3ppm,9.54,2011
1qbr,10.57,1997
3wz7,5.74,2015
4mc1,7.85,2014
4qlk,3.24,2015
2b1i,6.82,2006
3mi2,7.77,2010
4zec,5.82,2015
4kn1,6.84,2013
5kma,4.71,2017
5lif,5.87,2016
4dzy,5.62,2013
6jb4,5.98,2019
1avn,3.9,1997
6mla,4.38,2019
4rpn,6.96,2014
2qbs,6.68,2008
1elc,6.66,1994
6d1i,4.09,2019
1kav,5.82,2002
6g9x,3.92,2019
1ejn,5.62,2000
6t1i,5.26,2019
4l4v,5.78,2013
4hfp,7.38,2013
4b33,3.37,2013
3e12,5.99,2009
6gxq,7.1,2019
1hvs,10.3,1995
4r74,8.1,2015
5we9,7.22,2017
5vsj,4.02,2017
4xxh,5.0,2015
2vrj,6.3,2008
3gbe,5.0,2009
2y7z,8.7,2011
6md0,5.9,2019
2cht,5.52,1994
2j7f,6.35,2006
6i61,6.24,2019
2gl0,4.82,2006
1fcy,8.52,2000
4m8e,7.89,2014
1w11,8.22,2008
2y7i,5.54,2011
5nzf,4.03,2018
6dz3,8.89,2019
3a5y,7.96,2010
4zv1,5.24,2016
5jfu,8.07,2016
4djp,10.55,2012
1b58,6.59,1999
3cd0,7.57,2008
5f5z,7.07,2017
3e6y,5.6,2009
3m40,6.77,2010
3k4q,5.34,2010
2x09,3.76,2010
3exh,4.88,2008
6g5u,6.4,2019
5dqc,7.34,2016
1no6,4.41,2003
6pi6,5.66,2019
4n07,6.46,2013
4b9z,4.09,2012
1wcq,6.26,2005
5dey,8.43,2016
5u13,5.41,2017
4kz4,4.15,2014
5d24,5.24,2016
6qpl,7.04,2019
5l7h,7.3,2016
6gvz,6.4,2018
3dbu,8.06,2009
5nw1,6.6,2017
4qew,7.07,2014
6nfy,7.8,2019
3p4v,5.1,2011
5d26,6.09,2016
5fhn,5.9,2016
5ufp,7.37,2017
3axz,3.43,2011
2j47,5.41,2006
2jdp,6.6,2007
2o0u,5.49,2007
2qd6,8.68,2008
6t1m,5.21,2019
4d1j,6.31,2014
4m2u,8.04,2013
2xeg,10.7,2010
1n4k,10.05,2002
4ngm,10.35,2014
4m2v,7.44,2013
4ibk,4.3,2014
4deu,5.64,2012
3sut,7.85,2012
5yft,5.0,2018
2r75,6.15,2008
1ebz,9.4,2002
3f8c,7.68,2008
4wa9,8.42,2015
1qbu,10.24,1997
1rbp,6.72,1991
5o9o,4.89,2018
4b34,3.14,2013
4ykj,4.43,2015
4heg,8.92,2013
3th9,7.7,2011
5hvt,7.26,2016
4zow,4.12,2015
4o61,4.3,2014
2zz1,4.54,2009
4g4p,6.89,2013
3bvb,5.49,2008
3gi4,10.8,2010
1lst,7.85,1994
1ppi,5.01,1995
5hcy,8.92,2016
4g8m,7.89,2012
6gwe,7.38,2019
6h34,9.3,2018
1amw,4.54,1998
1b40,7.28,1999
6dai,4.07,2018
5ie1,6.85,2016
5ost,4.56,2018
4uyf,7.6,2014
1u1w,5.85,2004
5uf0,3.8,2017
2w5g,6.07,2009
4je7,6.4,2014
5fng,2.96,2016
1m83,3.4,2002
4bs0,5.7,2013
4xit,7.27,2015
3aho,7.05,2010
4jzi,7.4,2014
1phw,3.3,2004
3ok9,11.23,2010
1jet,7.25,1997
3tif,5.38,2012
6d19,6.61,2019
3gtc,2.35,2009
3c88,6.8,2008
6csr,6.84,2018
2hkf,6.38,2007
4mrz,3.52,2014
3w9k,6.32,2013
4yb5,4.71,2016
2p7z,6.58,2008
6g98,6.15,2018
2gyi,7.0,1995
5alb,10.71,2015
1qbo,7.74,2000
6n79,9.68,2019
4oct,5.05,2014
6ugr,6.27,2019
5qal,3.46,2018
6s4n,6.79,2019
3uxd,4.41,2012
5mme,5.85,2017
3ms9,5.22,2010
3cct,7.56,2008
4lxz,6.74,2013
4ql1,7.03,2014
3u8j,8.51,2011
6fui,4.46,2018
1c4u,10.37,2000
2qhy,7.48,2008
1v2l,4.29,2004
6r0v,4.96,2019
3s6t,7.35,2012
5ct2,2.92,2015
1cps,6.66,1993
1k4g,5.85,2002
6j3p,6.98,2019
5jop,9.41,2017
4bps,2.99,2013
3f1a,7.21,2008
5om3,4.1,2018
5jxn,6.41,2016
5l4m,5.34,2016
6dz2,8.85,2019
1xff,4.82,2004
5cqt,6.91,2016
5hi7,7.85,2016
4fl2,3.66,2012
3i25,8.51,2010
3gcp,7.82,2009
4cu8,4.47,2014
6gfz,5.51,2018
4rra,4.87,2015
5zni,4.39,2019
3vh9,6.24,2012
1gj6,7.0,2002
3su2,7.35,2012
1uwf,6.82,2005
3zk6,6.34,2013
3elc,2.69,2009
4uoh,4.77,2014
2fzk,3.6,2006
4yzu,5.05,2015
3n2u,7.84,2010
3rv8,4.92,2012
3ml5,8.52,2011
5hvs,7.15,2016
6fmc,5.88,2018
3cj5,6.34,2008
1qb6,6.06,2000
3a6t,7.28,2009
2csn,4.41,1996
6u6w,5.33,2019
5upj,7.12,1997
3gk1,4.1,2009
5er2,6.57,1991
5i3y,9.4,2016
5nlk,7.46,2018
5u14,5.34,2017
1li2,4.04,2002
4ocq,4.61,2014
5e28,7.91,2016
1x1z,11.06,2005
2i4x,11.72,2007
4gqq,2.89,2012
5vo1,8.15,2017
4abb,4.51,2012
4m14,6.7,2014
1o7o,4.49,2003
6fe0,6.48,2018
3t70,6.3,2012
2fxv,5.35,2006
3mhl,7.25,2010
1b8y,7.85,1999
5ny3,7.47,2018
5yl2,4.5,2018
3d7z,7.92,2008
3k8c,2.92,2010
4x5z,7.63,2015
6ma5,8.1,2018
5d3h,5.1,2016
2hxm,5.22,2006
3s8o,6.85,2011
5e8f,8.64,2015
6pg5,4.96,2019
1epo,7.96,1994
2rcn,6.0,2008
6jad,4.32,2019
5kej,5.11,2017
3c39,3.96,2008
1tpw,3.3,1995
1jyq,8.7,2002
1g7q,6.06,2002
5er4,2.76,2016
1zpa,8.4,2005
2x2r,7.12,2011
4y3y,2.35,2016
4o07,7.38,2014
3t60,6.7,2012
3pb7,5.74,2011
3f7h,7.09,2009
4gkh,4.67,2012
1bai,7.7,1999
2xdx,6.46,2010
2hzy,7.39,2006
2v3d,3.94,2007
2avo,8.85,2006
1ii5,6.62,2001
4u0f,5.92,2014
4b0b,3.33,2012
6d17,4.82,2019
2i0a,11.4,2006
5i80,7.21,2016
2yel,7.28,2011
3qfd,4.17,2011
6bhv,5.23,2018
5n34,4.63,2017
4knm,8.0,2013
3el1,9.64,2009
4kwf,4.82,2014
1amk,4.3,1997
3pgu,6.7,2011
1ajn,2.63,1997
2f34,6.89,2006
4yha,6.65,2015
1bn4,9.31,1999
6o5u,4.38,2019
6dar,6.66,2018
5l8a,4.91,2017
2x6x,3.68,2011
5lz4,5.7,2016
2rke,4.08,2008
6np5,4.57,2019
3bbb,7.0,2008
5nwe,4.88,2018
3jzh,3.4,2009
5fl5,8.19,2015
3zq9,6.02,2011
6dj2,8.12,2018
5cc2,4.1,2015
4mn3,5.75,2014
5wa8,6.23,2017
2w47,4.98,2009
3tu7,8.09,2011
1jmg,6.07,1998
4ovf,4.13,2014
5wa5,6.72,2018
2xc4,8.05,2010
6g9i,3.93,2018
1xws,8.0,2004
2amt,4.44,2006
3ioe,3.27,2009
1thz,5.15,2004
6n3v,5.61,2019
1ai4,2.5,1997
1o5r,8.12,2004
6jbe,4.7,2019
3ahn,7.05,2010
3a2o,9.08,2010
6hgg,5.42,2019
3sk2,3.61,2011
6gxe,8.05,2019
5nxo,8.31,2018
3vjc,7.72,2012
5dbm,6.46,2016
2bvr,3.7,2006
1yda,6.55,1995
3p2e,6.22,2010
4djx,7.23,2012
5fnd,3.49,2016
1w4q,5.26,2005
1h46,3.57,2003
2e1w,7.96,2006
5xpi,5.28,2018
4wkp,9.55,2015
2whp,4.0,2009
4zji,6.47,2015
5wbo,4.21,2017
1uv6,5.12,2004
3tao,5.14,2011
2oym,5.0,2007
1mrw,9.7,2003
3qto,4.13,2012
1hvr,9.51,1995
4do4,7.29,2012
2vo5,4.89,2008
4j7e,4.85,2013
4av4,7.03,2012
3o75,6.68,2011
1h0a,5.44,2002
6efj,3.32,2019
4nxu,5.54,2013
4cs9,2.1,2014
4bc5,4.6,2012
6gjr,3.74,2018
6d16,5.08,2019
6md6,5.1,2019
6i5g,4.89,2019
3d50,4.77,2008
6htg,7.17,2018
6pgc,5.35,2019
1px4,3.23,2004
4qsv,2.0,2014
5otr,4.92,2018
4zeb,6.52,2015
2vmd,3.02,2008
5sym,6.55,2016
2r2w,4.47,2007
3nyx,7.49,2010
6mja,7.85,2019
6ekq,5.46,2018
6fba,4.7,2018
2qbu,6.19,2008
4qem,7.8,2014
4dko,6.52,2012
1g3d,5.55,2001
6dgq,5.51,2019
5fov,2.8,2016
6dil,8.12,2018
2afw,4.77,2005
6c85,3.9,2019
6mnv,3.37,2019
6mln,7.54,2019
3fvh,6.35,2009
3r6u,4.52,2011
6mli,2.43,2019
2ya6,5.7,2011
1b6k,8.74,2000
3kdd,8.46,2010
1ndz,8.11,2003
2b1g,6.64,2006
6ios,4.1,2019
6hgs,3.77,2019
3miy,7.68,2010
6qqu,5.3,2019
6css,7.6,2018
2j77,4.89,2006
5cbm,7.77,2015
1os5,6.85,2004
4q87,4.85,2015
6mqe,11.29,2019
2j94,6.27,2007
2xc0,6.72,2010
1sb1,6.89,2004
3dnd,4.8,2009
3eqr,8.7,2008
3dx3,6.52,2009
6eq7,7.0,2018
4q7p,4.32,2015
2hs1,8.48,2006
2p16,10.1,2007
3u6h,9.0,2012
5el9,7.64,2016
3qps,5.6,2011
1fki,7.0,1994
5vl2,8.42,2018
6mjf,5.16,2018
4arw,7.13,2012
5h8g,10.32,2016
4qfn,4.12,2015
2e91,6.59,2007
1hdq,5.82,2001
1bgq,8.57,1999
4ghi,7.09,2013
5j2x,7.74,2017
4p6w,9.15,2014
1pbq,6.27,2003
1rnt,5.19,1987
6o5g,5.7,2019
3fuz,6.54,2010
5cbr,5.74,2015
3pwk,3.35,2012
6jag,4.5,2019
5o1h,4.85,2018
3iss,6.05,2009
4mr6,6.6,2013
1mfd,5.31,1994
5w44,6.44,2018
3pn4,6.85,2011
6odz,9.15,2019
6g7a,6.78,2019
5wij,6.31,2018
4g90,4.51,2012
2f35,5.4,2006
6g2b,3.8,2019
6f90,6.0,2018
5j9x,7.77,2017
3f16,8.23,2008
4umc,3.44,2014
1kpm,5.8,2002
2hmv,7.7,2006
1c83,4.85,2000
6jao,4.86,2019
3s71,8.64,2011
1utl,2.47,2004
5ih9,8.7,2016
4daf,7.12,2012
1ecv,4.85,2000
2v3u,3.0,2007
2avq,4.39,2006
4ykk,2.77,2015
3ohi,4.85,2011
3oil,5.68,2011
3q71,5.22,2011
3zcl,8.0,2013
1hvh,7.96,1998
5h1v,4.0,2017
3vd4,4.82,2012
4lkq,3.35,2014
2pwr,6.59,2008
3t01,4.48,2011
1upf,4.6,1999
3dzt,7.22,2009
5c2o,4.55,2016
2qwb,2.74,1998
6maj,7.47,2019
5gsa,7.09,2017
4rfc,8.24,2015
4km2,5.84,2013
3da9,5.51,2009
1n1m,5.7,2002
3qxv,8.4,2011
4xoc,8.52,2016
1qhc,7.57,1999
2a8g,3.69,2006
3u8l,8.05,2011
4cpr,7.46,2014
6f1j,4.62,2018
5ka9,4.41,2017
4zyf,8.64,2015
2vwc,6.62,2008
5mwh,5.74,2018
6qe5,5.12,2019
2oi2,6.3,2007
3g19,6.67,2009
1kzk,10.39,2002
3pgl,5.3,2011
5fe9,4.68,2016
3n35,3.37,2011
6oe0,8.92,2019
1yc4,6.55,2005
5dnu,4.11,2016
2j95,8.4,2007
5g61,6.4,2017
4bcs,6.99,2013
4yk0,3.74,2016
5z5f,2.17,2018
4qdk,5.85,2014
5u0e,5.11,2017
2f9k,7.07,2006
1dif,10.66,1996
5hz6,7.8,2016
5dqf,3.6,2015
3buh,3.66,2008
3nhi,8.43,2010
1nhu,5.66,2003
4ibe,4.15,2014
4xt2,7.15,2015
6j72,6.13,2019
5o9p,5.09,2018
4h85,5.15,2013
2cbj,8.27,2006
5odx,6.71,2018
3uu1,5.2,2012
2o4n,7.82,2006
4fxq,5.77,2012
4tjz,5.97,2015
6r9x,2.96,2019
4app,7.19,2012
3bfu,6.27,2008
3d83,8.36,2008
5epn,8.66,2016
6nw3,7.66,2019
1kv5,4.22,2002
4a4w,7.72,2012
5fnt,6.17,2016
5vb5,6.46,2017
5ey4,3.12,2016
3ug2,8.25,2012
2jkp,4.23,2008
1zfq,7.52,2006
2z4o,9.57,2008
2b07,6.43,2005
3d1x,8.66,2008
3ov1,5.2,2011
6eog,5.8,2018
3vw2,4.75,2013
2tpi,4.31,1982
2gv7,7.85,2006
6fng,7.14,2018
4ffs,10.44,2012
5d3x,6.36,2016
4a7i,8.7,2012
5zaf,6.78,2018
5a6k,5.95,2015
4e4l,8.77,2012
1ec3,9.04,2002
4ahu,2.27,2012
4a4v,6.54,2012
4w9d,4.99,2014
6hhr,7.01,2019
3ao5,2.23,2011
5zg0,7.09,2019
5cp9,3.51,2015
1kjr,6.06,2005
5fnu,8.89,2016
5xva,7.29,2018
2i3h,7.4,2006
4ejl,5.14,2013
6cpw,8.25,2018
3cm2,6.47,2008
2q88,5.8,2008
3tfn,6.57,2012
4ra1,5.94,2015
3ldq,5.36,2011
5z99,6.88,2018
4bt4,3.34,2013
1k6t,7.62,2002
2avs,7.57,2006
3b4p,5.4,2008
1utj,3.84,2004
2ojg,5.64,2007
2iuz,5.55,2006
4j48,5.62,2013
1fjs,9.96,2000
3t0b,4.3,2012
6jbb,5.99,2019
2hah,8.0,2007
2p95,9.37,2007
1oss,4.79,2003
4xy8,6.4,2015
1e2l,4.29,2000
5edd,5.24,2016
6dh1,10.58,2018
3pd9,6.22,2010
6p86,4.7,2019
5cs6,3.2,2016
6h36,9.35,2018
3cyz,7.22,2009
5za7,5.87,2018
1td7,4.37,2004
3zi8,5.66,2013
2wec,3.96,1998
6eq5,4.74,2018
6ma3,8.3,2018
3p3r,7.25,2011
2zx7,10.49,2009
6cq1,3.66,2019
5vr8,6.87,2017
6d15,4.48,2019
3m3c,4.06,2010
1w3k,4.3,2004
4av5,7.21,2012
6pia,4.96,2019
2i4z,5.7,2007
4q4p,6.39,2014
4bqh,5.59,2013
1tjp,4.42,2005
5o5a,4.77,2018
1hii,7.28,1995
1fzm,7.7,2001
2v2h,3.77,2008
5m23,8.9,2017
5mes,6.47,2017
3eax,4.92,2009
1qbt,10.62,1997
3acl,6.22,2010
4g8y,4.59,2012
6n7d,9.52,2019
3o5n,4.76,2011
4mjp,3.88,2013
2xj1,7.55,2011
2pqb,7.2,2008
5f08,5.52,2016
3c2u,2.9,2008
2c1p,5.4,2006
3ttp,9.12,2012
3t83,6.98,2011
1i7z,6.4,2001
6qge,5.68,2019
4ido,4.93,2013
4isu,3.68,2013
6p9e,7.17,2019
1nki,6.7,2004
6cdo,8.97,2018
1d4h,10.0,2002
4wt2,10.42,2014
3gy2,5.74,2010
4xip,6.63,2015
3nu9,9.05,2010
4zl4,7.86,2015
3iof,5.22,2010
5c2a,8.32,2015
1hp5,6.55,2001
6fag,6.59,2018
1xgi,4.85,2005
4c1t,7.15,2013
2a14,5.7,2005
6ays,9.19,2018
4euo,5.05,2012
1dhi,7.26,1994
6i11,4.53,2019
2cex,4.7,2006
2ptz,7.82,2007
4oc5,7.07,2014
1bzj,4.66,1999
5g5v,6.7,2018
1hmt,5.79,1995
5eyr,5.3,2016
4ury,2.22,2015
1n51,4.85,2003
5mmg,6.01,2017
6b4d,6.11,2018
1ogx,6.09,2003
4fm8,5.97,2012
6o0p,9.96,2019
5nw7,5.77,2018
4l6t,7.49,2013
2ydt,5.52,2011
1g2o,10.55,2001
4n9a,4.19,2013
2v8w,6.82,2007
4kqp,6.05,2013
5lle,10.22,2017
3ffg,9.08,2009
1o86,9.57,2003
2ce9,6.03,2006
1nfy,8.89,2003
2qwd,4.85,1998
4erf,9.4,2012
1mrs,3.96,2003
5vh0,4.52,2018
3fvn,6.77,2010
1wvj,6.73,2005
1yei,7.46,1999
4j44,5.73,2013
5ny1,6.44,2018
2pu2,4.43,2008
1mai,6.68,1996
2wej,6.08,2009
2xm2,4.62,2011
6dyn,3.19,2019
6ooy,4.66,2019
1alw,6.52,1998
5g5f,5.28,2017
4o05,7.43,2014
3s2v,6.8,2011
6np4,4.44,2019
2a4m,4.52,2005
4aje,3.68,2012
3b26,6.64,2011
5nk2,6.74,2017
6fo5,6.72,2018
4b2i,3.0,2013
4o97,8.52,2014
4gg7,8.2,2012
4rfd,8.05,2015
6b1k,6.67,2018
2xda,6.22,2010
3f8e,7.23,2009
3gi6,11.22,2010
1g45,8.64,2000
3si4,3.88,2012
3gm0,7.77,2009
3f37,2.62,2009
4zzd,6.6,2015
1elb,7.15,1994
5eqy,8.0,2016
1bzy,8.34,1999
6rot,6.32,2019
4ap7,7.96,2012
2yek,7.21,2011
2vuk,3.9,2008
4g95,7.61,2014
5b2d,4.25,2016
5zdb,5.75,2019
4lkk,5.92,2013
3nim,4.75,2010
1ai7,4.09,1997
1jao,5.92,1996
4i7j,3.32,2013
4xtz,9.82,2015
1w5x,8.4,2004
3q2j,4.18,2011
3zdh,7.35,2013
3cdb,7.02,2008
5u4b,5.74,2017
3be9,7.62,2008
1qxk,5.05,2003
3kyq,4.22,2010
5oha,4.89,2018
4lar,4.68,2013
4gii,8.74,2013
1sr7,10.1,2004
4v01,8.11,2014
4q1x,11.15,2015
1g36,7.17,2001
5ito,4.16,2016
5vd3,5.55,2017
4kwo,6.45,2014
2vyt,2.74,2008
4i5c,8.82,2013
3h8b,6.29,2009
1ogg,5.19,2004
4djy,8.27,2012
3n9s,5.26,2010
6i12,5.57,2019
2pow,7.2,2007
6j9y,5.07,2019
1utn,3.49,2004
6r1a,4.35,2019
2qm9,7.77,2007
1mjj,8.74,2003
6s56,5.1,2019
4w97,7.1,2014
1ghv,4.35,2002
3ai8,3.81,2011
4jyc,6.7,2013
4cwq,7.06,2014
3kjd,8.54,2009
6nsv,7.8,2019
3ekp,8.89,2009
5i1q,7.92,2016
4cj4,3.36,2014
6equ,6.38,2017
1g3e,5.38,2001
6g2o,6.77,2019
6jb0,7.24,2019
4urz,2.52,2015
4g8v,5.8,2012
2p4j,8.96,2007
5m9w,2.24,2017
4q7s,4.42,2015
5j6m,8.57,2017
3bft,6.49,2008
4cgi,3.12,2013
3s76,5.05,2011
6e9a,11.92,2018
4oma,4.17,2014
3gs6,6.59,2009
1bma,4.59,1995
2nn1,5.82,2007
3qx9,4.05,2011
2pyy,4.6,2008
3ebo,4.72,2009
6ej2,7.8,2018
5dgu,11.35,2015
1uwu,5.98,2004
6q3y,7.27,2019
1b5i,7.05,1999
5hct,7.6,2016
2q54,9.01,2007
4o04,6.16,2014
1grp,3.72,1996
3aas,4.51,2010
1yfz,4.35,2005
1ghy,8.1,2002
5xmx,7.24,2018
5wbm,4.7,2017
4gql,9.59,2013
3hvi,8.3,2009
4hdb,8.05,2013
2cbu,5.68,2006
3ery,5.66,2008
5vcz,6.35,2017
5chk,5.39,2016
3v2n,6.1,2013
4nkt,5.97,2013
3mhw,2.3,2010
4ks4,7.14,2013
4q19,8.05,2014
6otg,7.5,2019
3b25,6.07,2011
5m28,4.32,2017
5eqp,5.4,2016
3b3s,2.55,2007
1xh4,7.47,2005
4lzr,4.7,2014
1ajq,4.31,1997
4rqk,5.82,2014
6dpt,7.11,2018
6d50,5.05,2018
2drc,9.89,1994
5jxq,8.15,2016
4gzw,4.52,2012
4gue,5.24,2013
2vot,7.14,2008
4keq,3.82,2014
4xk9,9.07,2015
1drj,7.4,1995
3oyw,4.11,2010
5d3j,5.24,2016
6haz,7.0,2019
6phx,3.32,2019
4jh0,9.03,2013
6g3a,8.38,2018
5ahw,5.17,2015
1lyb,11.42,1994
6mlp,3.7,2019
4a6l,8.0,2012
4kp8,5.48,2013
3drg,7.0,2009
6p3v,7.02,2019
4ago,4.81,2012
1b05,7.12,1998
4ayu,4.73,2013
3fuc,9.72,2009
5eq1,4.68,2016
6o5t,6.5,2019
6c9s,7.32,2019
2ha6,4.32,2006
3h30,4.53,2009
1y20,5.32,2005
3nex,6.0,2010
4n5d,3.22,2013
2gst,6.07,1993
4er2,9.3,1991
1erb,8.1,1994
5vp9,8.99,2017
3hv8,6.98,2009
6bm6,4.68,2018
4ujb,8.0,2016
5lsh,3.39,2017
5std,10.49,1999
2r59,8.19,2008
4agl,3.65,2012
1ew9,3.22,2002
2p3i,3.48,2008
1wur,6.66,2005
5egm,8.62,2015
4l19,6.1,2014
4avs,3.49,2013
1ctt,4.52,1995
3wtn,7.04,2015
2ovv,7.92,2007
4pp5,7.74,2014
2bvs,4.1,2006
3ocz,7.46,2011
2b7d,8.7,2006
4q90,2.15,2015
1xpz,7.08,2005
5vb7,6.72,2017
1b0h,6.7,1998
3b50,7.55,2007
5hva,7.07,2016
1nhz,6.08,2003
5wxh,6.15,2017
5ork,3.63,2018
1kel,7.28,1996
1d3d,9.09,2000
4f9u,6.03,2012
5op4,6.71,2017
6g39,8.34,2018
1d3p,7.39,2000
2o4k,10.46,2006
4r4t,6.26,2014
1hwr,8.33,1999
2b4l,4.77,2006
6ep4,5.35,2017
4i74,6.72,2013
2xyt,6.29,2011
3r24,5.25,2011
1v1j,4.82,2005
3o56,9.1,2011
3vx3,7.82,2013
6dak,5.14,2018
4c2v,9.0,2014
4e0x,7.12,2012
3vw1,4.67,2013
6g2f,5.17,2019
1qf2,5.92,1999
3ttm,8.52,2012
2evl,6.7,2006
1igj,10.0,1993
4nue,6.82,2014
4b3c,2.68,2013
2yix,8.48,2011
5wcm,4.0,2017
6fv4,2.92,2018
2xbw,8.0,2010
5sxm,8.54,2016
6jan,5.79,2019
1ols,5.82,2003
5kr2,8.48,2016
4cwp,6.77,2014
1df8,9.7,2000
5kbe,6.34,2016
5e2p,8.8,2015
4cp7,8.11,2014
1mfi,5.59,1999
6j9w,5.13,2019
2xej,8.87,2010
6mll,3.62,2019
4hu1,7.54,2013
3suu,8.52,2012
6exs,3.44,2018
4cps,8.27,2014
6dgl,5.52,2019
5om7,5.74,2018
4nyf,7.31,2014
6qas,7.74,2019
2psu,7.62,2007
4r4i,6.27,2014
2vl4,6.01,2008
5e1s,7.92,2015
4er1,6.62,1991
4f0c,6.27,2013
3b7j,5.17,2008
5dfp,7.66,2016
2vhj,3.9,2007
1ndv,5.92,2003
1ez9,5.1,2002
3ip8,2.28,2009
2bal,6.31,2005
1c5o,3.49,2000
1b6j,7.92,2000
1sdu,10.07,2004
6nco,4.52,2019
3h89,7.64,2009
6i67,6.7,2019
3c52,7.3,2008
4flp,6.72,2012
5o9r,5.39,2018
5nkd,7.59,2017
4us3,5.32,2014
1ndw,5.23,2003
3w07,3.38,2013
4jwk,8.32,2013
1k1o,6.17,2001
5ewk,4.85,2016
1gyx,2.48,2002
4d4d,5.96,2015
4mrw,3.3,2014
5wyx,6.66,2017
6abx,2.14,2019
5vc4,7.36,2017
5cjf,9.59,2015
6hlx,7.17,2018
6ior,4.31,2019
5epl,7.03,2015
6fnr,5.59,2018
1d4j,8.36,2002
5f61,7.46,2017
4djr,11.52,2012
6t1o,5.59,2019
4g0p,3.01,2012
3gcs,7.25,2009
4y4j,2.47,2016
4k0o,3.0,2013
2vba,4.6,2007
6cwn,6.65,2018
6gnw,4.99,2018
3s45,8.49,2012
5cu4,6.49,2016
1rd4,7.74,2004
2o4r,9.4,2007
1rjk,10.0,2004
5twj,5.25,2017
3g1v,3.19,2009
4ipj,4.87,2013
2y5f,8.7,2011
3cz1,7.26,2009
6ftf,8.1,2019
6qe0,4.6,2019
1usn,7.74,1998
4i7p,3.5,2013
4leq,6.54,2014
1m2r,6.46,2003
5ohy,5.17,2018
1kv1,5.94,2002
4mo4,4.22,2014
2pu1,5.85,2007
2nsl,4.68,2007
6hpw,6.09,2018
6mu3,6.15,2018
1k27,9.0,2003
3lpk,9.1,2010
1ocq,5.19,2003
5g60,6.52,2017
4abf,4.62,2012
1jak,5.57,2001
5ljq,9.0,2017
3d9z,8.7,2009
6eiz,6.22,2018
5dx4,6.86,2016
1x39,9.22,2005
4qyy,7.3,2014
1j37,8.96,2003
3iub,4.54,2009
1cnx,7.37,1995
6jon,4.88,2019
4ezx,5.8,2013
3bl1,5.6,2008
4b73,7.21,2012
1nwl,2.39,2003
6nmb,2.7,2019
5i3x,8.1,2016
1nny,7.66,2003
4b6s,6.01,2012
3ryy,7.42,2011
2jh6,7.77,2007
2zdk,6.37,2008
5i3v,7.8,2016
1olu,4.41,2003
4ca6,6.74,2013
4xmb,7.36,2015
6evr,8.06,2018
4v27,6.66,2014
3jzj,3.61,2010
3ibi,8.59,2009
5am7,7.19,2015
1ec0,8.49,2002
5ewa,4.82,2016
5i2e,6.64,2016
5ev8,5.22,2016
2qi5,10.85,2008
5ha1,7.19,2016
2i6b,7.17,2007
2fgv,6.12,2006
1nvr,8.11,2003
6o94,8.74,2019
4xtw,9.03,2015
3i9g,8.96,2009
4ymh,6.46,2015
6d5e,6.85,2018
4y2q,2.92,2015
3kqr,4.43,2010
5k1f,4.79,2017
1lgt,6.1,2002
1bnw,9.08,1999
1ctu,11.92,1995
1v11,3.98,2004
5o1d,4.66,2018
4cwo,5.21,2014
6g3v,6.04,2018
1bm7,7.52,1998
1ghw,4.2,2002
2vjx,4.96,2008
2rin,4.0,2008
5mlj,8.85,2017
1atl,6.28,1995
2qwc,3.55,1998
3lzz,3.84,2010
5t8o,6.51,2017
4in9,4.97,2013
2pou,7.42,2007
6ckr,7.3,2018
1qji,4.85,2000
2e92,6.89,2007
4p5z,7.41,2014
4ef6,2.92,2013
3r17,6.41,2011
6iez,6.52,2019
5i9y,8.55,2016
2jf4,8.15,2007
3sww,8.4,2011
3pju,4.88,2011
3nik,3.45,2010
2ojj,8.7,2007
4gj3,8.85,2013
1igb,6.4,1996
5fcz,4.2,2016
1rpf,3.99,1994
2qtt,4.32,2008
1pb8,5.15,2003
2bq7,7.05,2006
4k7i,2.82,2014
3m6r,7.49,2011
1b57,8.0,2000
3bxg,4.96,2008
1g30,6.85,2001
5czm,8.32,2016
5ad1,7.24,2016
5z66,6.69,2019
2ewb,6.1,2006
1m0q,3.89,2002
2xde,5.47,2010
3s77,7.21,2011
3qdd,8.77,2012
4clj,9.15,2014
1c5p,4.68,2000
6ml9,5.3,2019
2j4i,9.0,2006
1k1l,6.9,2001
1eoc,6.05,2000
2pq9,8.11,2008
5ouh,5.67,2017
4ajl,3.8,2012
5njz,7.8,2017
5fls,3.04,2016
1pph,5.92,1994
3s75,6.82,2011
2erz,5.66,2005
3nu4,8.82,2010
3suw,4.7,2012
1c5x,6.68,2000
5laq,9.2,2018
5k03,4.74,2016
1bjv,5.54,1998
6g2s,8.4,2019
2arm,7.68,2005
5ovx,4.5,2017
6euc,3.77,2018
3lpl,5.62,2010
5znc,7.52,2019
3b67,8.85,2008
5lvd,2.62,2017
4ybk,7.82,2016
4rdn,5.92,2014
1gx8,6.37,2002
1b38,6.6,1998
1sdt,9.27,2004
5ne5,7.41,2017
2vpn,6.72,2008
2hu6,3.81,2006
4ht0,8.0,2013
4gr8,7.83,2013
3w5n,3.87,2013
2xjg,7.82,2010
6gw4,5.92,2018
5jzi,4.8,2017
5htl,6.3,2016
6nwl,7.37,2019
6e7t,6.89,2019
1dar,4.96,1996
4u6w,4.21,2015
4csd,5.91,2014
1lf2,7.52,2002
4zzy,5.6,2015
3mz6,7.2,2010
1tmn,7.3,1989
3o99,10.82,2011
6hmg,4.94,2018
1cny,7.85,1995
5wal,8.77,2017
1w3j,6.32,2004
6mj7,2.82,2018
2xdk,3.6,2010
3l0v,7.64,2010
3d8w,8.15,2009
1ogz,5.85,2003
2c80,5.33,2006
6e5l,7.18,2019
6ggb,5.39,2019
4b7r,9.64,2012
6nzv,10.17,2019
5h85,4.7,2017
2ra6,4.52,2007
4u1b,5.31,2015
5xvg,8.05,2018
4x6m,8.24,2015
1f5l,5.28,2001
2pv1,7.14,2007
2qdt,5.19,2007
5os8,3.98,2018
6as8,7.05,2018
5dkn,3.69,2016
5tbe,8.97,2017
4r73,7.64,2015
5f1x,6.11,2016
2dri,6.89,1995
4bb9,6.0,2013
5j27,6.74,2017
2rkg,8.09,2008
1b6l,8.3,2000
5cau,8.8,2015
2qmg,9.15,2008
3t64,6.7,2012
5xg5,3.48,2017
4ngn,7.55,2014
6r8o,8.22,2019
4tln,3.72,1982
1lbk,3.18,2002
5bs4,11.0,2015
4rd0,6.62,2015
2rkm,3.9,1997
5ngz,2.89,2017
4hwp,7.76,2013
4wkb,11.57,2015
2r0z,5.47,2007
6pvz,3.47,2019
5fbi,2.8,2016
2xib,7.26,2010
4bks,3.82,2013
5f8y,4.24,2016
5d3n,5.04,2016
2x97,5.66,2010
1jgl,8.7,2001
2vvs,7.34,2008
2v2c,3.41,2008
5l8c,7.0,2018
5ov8,4.74,2018
5ect,5.28,2016
6dgr,4.91,2019
2am4,3.72,2006
5mek,5.38,2017
6dyr,3.66,2019
2qtn,3.42,2008
1wm1,6.3,2004
3ckz,8.72,2008
5mkr,4.77,2017
1sln,6.64,1996
6f3b,6.56,2018
5zc5,7.06,2018
5vgy,4.18,2017
4np9,5.03,2013
3f17,8.63,2008
5ia3,7.34,2016
2zdl,6.4,2008
4i9u,3.86,2013
4uj1,6.52,2016
4kiu,3.85,2014
2x95,4.95,2010
1k4h,5.11,2002
4fxp,4.09,2012
5f1r,6.0,2016
5zaj,7.38,2018
2xmy,9.96,2010
3ehx,7.6,2009
6epa,5.95,2018
3gss,5.82,1997
3t85,7.95,2011
1e3v,4.34,2001
5n0d,8.48,2017
6e7j,9.48,2018
5vcw,5.96,2017
5hwv,5.07,2016
4cmo,9.07,2014
2xht,5.96,2010
3gvb,2.59,2009
4y3j,2.17,2016
1t32,7.42,2005
6i0z,4.04,2019
1fkw,5.05,1996
3sxf,8.6,2012
4m0e,6.22,2013
3mhc,7.96,2010
2d3u,6.92,2006
5nze,6.39,2018
4ufj,4.28,2015
3el4,7.17,2009
4b5s,3.49,2012
4gu9,4.37,2013
6evn,4.71,2018
3mxd,8.83,2010
4hzm,4.63,2013
3f80,4.22,2008
3hzk,6.7,2010
4ge1,6.43,2013
4hwo,8.54,2013
5oh4,4.55,2018
4bf1,8.62,2014
1f3e,6.7,2000
4j46,5.28,2013
3b66,8.6,2008
6d1j,4.25,2019
5aan,4.15,2017
2v57,7.1,2009
4cjp,3.32,2014
4de0,5.89,2012
5tbm,7.31,2016
5l8y,6.4,2018
1xh9,7.77,2005
3wgg,4.4,2014
2uwd,8.35,2007
2uy4,4.68,2007
1drk,6.82,1995
2clh,4.06,2007
1ql9,5.35,2000
5oa6,5.51,2018
2ya7,3.14,2011
3d1y,8.22,2008
4muf,6.34,2014
1fpc,7.0,1995
2ews,6.62,2006
4gqr,3.96,2012
4mpn,6.62,2014
5bv3,7.17,2015
1o5c,5.22,2004
3mv0,3.85,2011
2qi1,7.3,2008
6j0o,4.92,2019
3g3r,6.48,2009
5lwd,6.24,2016
1qy2,5.74,2004
2we3,4.43,2009
5tkk,8.28,2018
3c56,7.89,2008
4bqs,4.21,2013
4dfg,11.74,2012
6fgg,4.77,2018
1a28,8.29,1998
2p2a,6.12,2007
5ime,8.34,2016
4n7u,6.29,2014
4bcn,7.92,2013
4llk,3.0,2014
3fqe,8.3,2009
6eiq,6.42,2018
1iy7,6.19,2003
6mku,7.15,2019
5win,7.03,2018
6nfh,7.15,2019
4yo8,10.52,2015
3pn1,6.96,2011
6hgf,5.02,2019
2jfz,5.24,2007
5ivv,6.35,2016
1hsh,9.42,1996
1usk,6.4,2003
6i64,7.31,2019
3gsm,6.48,2009
6std,8.64,1999
4y8x,8.43,2015
4z07,7.99,2016
1q72,6.85,2003
5nkg,7.68,2017
5uez,6.01,2017
1fl3,6.8,2000
6n0j,5.37,2019
3n1c,5.22,2010
4xar,6.97,2015
5eh8,3.1,2016
1i5r,8.52,2003
6faf,6.51,2018
4b74,7.66,2012
5ekm,6.32,2016
4pft,8.64,2014
1f4x,5.59,2000
2pyn,7.57,2008
6eux,5.92,2017
1g54,8.82,2000
4der,6.31,2012
4ndu,2.74,2014
2gzl,4.82,2006
4cst,8.89,2015
3upv,5.3,2012
1hms,6.37,1995
3d8z,3.37,2009
4ca5,9.39,2013
2fdp,7.59,2006
6cvv,4.12,2018
6pg9,4.92,2019
6o0m,9.34,2019
3e5u,5.85,2008
3cf8,4.9,2008
3tz0,5.04,2012
5ei3,4.25,2016
5yhg,6.02,2018
3f8f,6.63,2008
1zsf,9.92,2006
6hh5,4.27,2018
6cjr,9.52,2019
6g24,2.77,2019
4bqg,6.22,2013
5za9,6.74,2018
3nxq,8.15,2010
2jh5,6.44,2007
6g29,4.33,2019
2vmc,2.94,2008
3v7x,8.57,2012
6u5y,7.16,2019
3mfv,2.52,2010
6dy7,4.18,2019
3pck,6.7,1998
6det,8.22,2019
1c84,5.0,2000
6dl2,7.48,2019
4kni,7.78,2013
6p87,4.6,2019
5n2t,5.08,2017
1gi4,7.19,2002
6d56,8.05,2018
1m2q,6.1,2003
3djq,2.98,2009
1d9i,9.11,2000
1ork,8.81,1999
4o0a,6.72,2014
2qi4,10.44,2008
6n3x,5.09,2019
6dj7,8.72,2018
3d4y,5.7,2008
5jvi,6.51,2016
2yaz,5.14,2011
1qbv,5.39,1999
5g4n,4.0,2016
4m0f,8.77,2013
2x0y,4.6,2010
6b7a,4.49,2017
1ai5,3.72,1997
5avf,5.49,2016
5m7s,9.05,2017
1ftm,7.61,2000
1o38,6.82,2003
1gfy,5.08,2000
5n17,5.32,2017
6qlp,5.28,2019
2f1g,7.54,2006
6p83,7.1,2019
3cyx,8.0,2008
3g1d,3.48,2009
5fdi,7.73,2016
3c89,6.07,2008
3nht,7.01,2010
3t1a,8.37,2011
5owl,5.92,2018
4x50,7.75,2015
4tkb,5.59,2015
6h37,8.59,2018
5u49,6.14,2017
2r58,2.0,2007
5byi,7.51,2015
4tqn,6.11,2015
4gqp,9.6,2013
1lkl,5.81,1996
6qlr,4.82,2019
5nk3,7.42,2017
2fqo,6.43,2006
6ge7,6.06,2018
4i8z,11.05,2013
4ljh,4.71,2013
6nu1,4.51,2019
3fed,7.46,2009
2zym,6.14,2009
6qr1,5.07,2019
3nuj,9.39,2010
2o4z,6.25,2007
1nl9,5.96,2003
4or6,5.31,2015
5fh7,6.86,2016
1o0n,4.09,2003
2p4s,9.51,2008
4yxi,6.5,2016
4omj,5.26,2015
2vh6,9.7,2008
1c5q,6.36,2000
1e5j,4.0,2001
2bet,2.77,2004
3vhc,8.89,2012
2zdm,6.41,2008
4uin,7.62,2015
1x8r,6.12,2005
1o3d,7.13,2003
6rnt,2.37,1993
1d4k,9.22,2000
3bgq,7.96,2007
1o2z,6.11,2003
1u71,7.48,2005
6gjm,3.58,2018
1fkh,8.15,1994
5sz7,9.7,2016
6g0z,5.32,2018
4mc2,8.19,2014
4q08,6.3,2015
5u0w,4.24,2017
3tfu,3.28,2011
3d0b,6.54,2008
5j0d,6.87,2016
3p58,7.6,2011
5ikb,8.72,2016
4b3d,2.68,2013
1sqt,6.2,2004
2wor,3.9,2009
1q54,5.85,2003
3rt8,6.35,2011
1yq7,7.09,2005
2zcs,8.22,2008
1c5s,6.0,2000
1dy4,4.36,2000
4yyt,6.38,2016
1koj,6.7,2002
1nja,6.31,1996
2oxd,6.82,2007
2qd7,9.1,2008
2f7p,6.6,2006
3slz,6.99,2011
3q6z,3.72,2011
2pk6,10.89,2007
6ht1,7.11,2018
6q60,5.71,2019
4aji,3.55,2012
4ytc,7.89,2015
5efa,4.83,2015
3cda,7.58,2008
3rm9,4.77,2011
3su5,5.58,2012
6g2l,7.17,2018
2zz2,4.54,2009
6cdl,10.92,2018
3nyd,3.48,2011
2bza,2.8,1999
6g6t,7.7,2019
1ec1,8.92,2002
6eqv,6.62,2018
1m5w,4.27,2003
2vsl,8.4,2008
5fox,3.17,2016
3hzm,5.52,2010
3i4b,8.15,2010
4o9v,8.0,2014
1bv9,9.96,1998
4o0y,7.22,2014
4lhm,3.39,2014
3vha,7.4,2012
4zwz,8.7,2015
5htz,8.62,2016
1b2h,4.54,1998
4l4z,5.68,2013
2x7u,5.27,2010
5ftg,6.15,2016
6dpy,4.1,2018
2bz6,7.09,2006
3qaa,11.54,2011
2p53,7.46,2007
2i4w,11.59,2007
1owe,6.2,2003
4azc,5.86,2013
3kdc,9.28,2010
2f2h,5.7,2006
5wex,7.18,2017
3eko,6.7,2008
1xjd,9.48,2004
5wqc,8.96,2017
4yho,10.74,2016
4c6u,4.59,2013
3cfn,5.0,2009
2jke,4.23,2008
6f92,6.4,2018
2wjg,7.1,2009
3suv,4.55,2012
4muv,5.76,2014
5ti0,4.21,2017
2wky,8.59,2009
5eh7,3.48,2016
2x8z,7.96,2010
6n8x,5.7,2019
4b1j,7.3,2012
2wzm,5.22,2010
4exs,4.41,2012
3tt4,8.28,2012
2j79,5.96,2006
4u5s,2.41,2015
4dy6,4.4,2012
1hih,8.05,1995
2aoe,7.62,2006
5m17,3.66,2017
4h75,6.6,2012
3qt6,5.37,2011
4hdp,7.51,2013
3r7o,8.36,2012
5mpn,7.07,2018
3k97,8.0,2010
1w96,8.41,2005
4q9y,5.68,2015
4efs,8.6,2012
3djp,4.2,2009
5isz,4.49,2017
1ajp,2.23,1997
2fmb,8.7,1999
5zg3,7.21,2019
3hfb,7.52,2010
1rr6,10.25,2005
3c84,7.85,2008
3daz,7.93,2009
2rfh,6.82,2008
5h8e,11.2,2016
4iuo,3.64,2013
5aol,2.32,2015
1qb1,6.77,2000
1c3x,3.68,1999
6g25,3.52,2019
4jx9,8.62,2013
4asd,9.28,2012
6s5k,7.32,2019
2vwm,7.03,2009
5aoi,3.03,2015
4jyt,7.4,2014
4auj,7.74,2013
6sbt,6.78,2019
4itp,7.27,2014
3mho,6.49,2010
4x5p,8.21,2015
5kr1,9.49,2016
1tx7,4.6,2005
5c1m,10.8,2015
1zc9,3.22,2006
6pl1,7.65,2019
4z1e,8.24,2015
3ip9,5.62,2010
3su4,6.26,2012
4iwz,7.29,2013
3w37,5.18,2013
5my8,7.14,2017
4mq6,6.47,2014
5qtt,8.47,2019
6rtw,6.43,2019
6qr9,6.72,2019
5orv,2.89,2017
3ujc,4.59,2011
5zym,5.77,2019
5am6,6.73,2015
5g2b,7.0,2017
4b7j,7.95,2012
1fh7,5.24,2000
5xo7,6.36,2018
4w9o,7.77,2014
1ogd,3.03,2003
4j45,5.77,2013
6ezq,4.66,2017
6d3q,8.47,2019
3zze,8.89,2011
4a6b,8.38,2012
5nk9,6.14,2017
4db7,6.56,2012
2bpy,7.4,1999
3qtv,4.65,2012
3k00,5.77,2010
6eir,6.24,2018
3ozj,5.11,2011
6gl8,8.61,2018
3hu3,6.89,2010
4kao,6.11,2013
5lne,4.76,2016
6mlj,7.26,2019
1b1h,7.03,1998
5i8g,7.52,2016
6h77,7.33,2018
6fni,8.22,2018
2xb7,9.19,2010
4wko,9.47,2015
5oh9,3.86,2018
5aqz,5.48,2016
3uil,6.0,2012
5nee,10.7,2017
5nk7,6.33,2017
2pov,7.12,2007
6g2r,9.46,2019
6exi,5.05,2018
6eeb,5.3,2019
3rdq,9.31,2011
6cn5,7.7,2018
3zxz,8.4,2011
6hly,7.33,2018
4nl1,3.89,2014
4ih3,4.82,2014
6ny0,5.4,2019
6p5o,4.54,2019
1ele,6.85,1995
5sz2,8.7,2016
6mxc,5.56,2019
6gjn,6.22,2018
1t7d,6.03,2004
6q3q,4.45,2018
6np2,6.8,2019
1ebw,9.05,2002
4i8x,2.64,2013
6mdu,4.25,2019
5u12,5.07,2017
1np0,3.57,2003
3vf5,9.34,2012
4ceb,2.97,2013
2c97,6.14,2006
1b6h,7.82,1998
3c8a,6.18,2008
5yum,3.65,2018
2azr,3.64,2005
2a5b,3.93,2006
1f4f,4.62,2000
3c79,7.2,2008
4h42,3.47,2013
3g0e,7.7,2009
4x24,9.78,2015
3fzy,6.74,2009
1drv,6.54,1997
2q63,7.18,2008
4efk,2.49,2013
1ua4,4.22,2004
3td4,5.66,2011
5g4o,4.43,2016
4lxd,7.23,2013
2vfk,3.71,2008
3si3,4.16,2012
1n3i,8.89,2003
4e3g,4.97,2012
1kc7,5.52,2002
3t0x,8.0,2012
1bn3,9.89,1999
5fl6,7.36,2015
5ave,5.44,2016
2i19,7.8,2006
5cep,6.84,2015
3k99,7.22,2010
6edr,4.55,2018
3wzn,7.0,2015
5cks,5.51,2016
4ysl,5.8,2015
1fiv,6.59,1995
3b2q,4.55,2008
5yj8,3.98,2018
4e67,6.48,2012
3lir,6.92,2010
5nkh,7.59,2017
1str,4.77,1996
3pb8,5.24,2011
5kax,6.11,2016
5mks,4.77,2017
6ncn,3.05,2019
5nka,5.46,2017
2tmn,5.89,1989
6i18,4.07,2019
6gf9,6.39,2018
5c5t,3.13,2015
2xei,10.62,2010
2bfq,6.89,2005
3ni5,7.55,2011
4yes,8.02,2015
1pvn,9.82,2003
6ma4,7.35,2018
2pym,6.82,2008
2xog,3.43,2011
4io2,6.7,2013
4cd4,6.58,2014
1b3f,6.89,1998
5v0n,7.17,2017
1qaw,5.12,1999
1xh5,5.47,2005
5kr0,9.15,2016
5umy,6.97,2018
5ihh,6.41,2016
4u73,5.18,2015
4io5,5.03,2013
2d0k,5.02,2006
2weq,5.9,2009
5cbs,5.41,2015
1xt8,6.85,2005
3f6g,4.72,2009
1ur9,5.77,2004
4io7,3.68,2013
1hsl,7.19,1994
4r59,7.96,2014
6n7a,8.37,2019
2fxu,8.15,2006
6q54,6.49,2019
2p3b,8.48,2007
5e74,4.41,2015
4uof,4.84,2014
3m36,9.82,2010
2j62,11.34,2007
6gg4,3.69,2018
1x38,8.77,2005
2aj8,6.2,2006
3v51,8.55,2012
5nau,7.52,2018
1z4o,4.52,2005
5tuz,7.4,2017
5tfx,7.22,2017
6j7e,5.04,2019
4dhl,4.48,2012
5mgf,4.27,2017
6qls,5.35,2019
3s5y,7.41,2012
2i80,5.4,2006
1c1u,8.25,2000
3w9r,6.18,2014
5ogb,7.47,2018
2xj2,7.18,2011
5orw,3.1,2017
5fe6,2.16,2016
1ype,8.1,2006
3gvu,8.0,2009
4b8y,8.05,2012
1nh0,9.74,2004
6p8a,3.59,2019
3nee,5.34,2010
2bqv,8.05,2005
4w9f,5.49,2014
187l,3.37,1995
6jaw,5.66,2019
4kif,4.84,2014
4zw5,4.43,2016
3wvm,5.71,2015
2ctc,3.89,1994
1f0u,7.16,2000
1a9q,6.17,1998
5dex,7.65,2016
3ddg,6.0,2008
2dw7,4.7,2006
1bwa,8.6,1998
5b5f,5.25,2017
1o3i,7.3,2003
2xxr,6.55,2011
6idb,6.4,2019
4ufl,2.64,2015
5f60,7.37,2017
3gcu,6.78,2009
2yay,6.1,2011
4oks,4.48,2014
1ydd,7.07,1995
4z0k,6.34,2015
2zn7,7.89,2008
4cu7,7.59,2014
6aqs,7.55,2018
1n46,10.52,2003
2cbz,3.93,2006
6qlu,4.64,2019
1ypj,7.02,2006
1o2o,6.36,2003
2zkj,5.48,2008
6fyz,7.41,2018
1flr,10.0,1995
5zkc,8.19,2018
5lyn,5.04,2017
1om1,6.77,2004
2bvd,6.0,2005
3pce,2.0,1998
4abd,4.4,2012
3gt9,3.96,2010
6d1a,4.35,2019
3u6i,9.0,2012
4zx3,7.19,2016
4mul,6.21,2014
3bbf,5.28,2008
4qer,7.54,2014
4ts1,4.94,1989
6pid,4.54,2019
3dk1,9.74,2009
4ibc,2.98,2014
3fas,6.77,2008
1f4g,6.48,2000
3v5t,8.22,2012
4msn,4.03,2014
1x8j,6.96,2005
5ey0,2.65,2016
5llc,9.52,2017
1jlr,3.33,2002
2rk8,3.64,2008
3pe1,9.65,2011
1a4k,8.0,1998
3gkz,8.0,2009
4des,5.85,2012
2r3w,6.89,2008
5kz0,7.66,2016
3nb5,7.74,2011
3rf4,6.25,2011
5cj6,8.69,2016
3kek,8.36,2010
6dpz,3.59,2018
2i3i,7.3,2006
5exl,8.43,2016
5f0f,6.0,2016
6bbx,6.67,2018
6mm2,5.41,2019
4ufk,3.89,2015
2ot1,4.0,2007
3qkd,8.38,2011
3ip6,6.6,2010
1m0o,2.31,2002
5izj,11.52,2016
1zvx,9.22,2006
4jfm,5.48,2013
5tp0,5.44,2017
1k1m,7.4,2001
4i7l,3.99,2013
6ckw,9.08,2018
4oak,4.22,2014
4e7r,7.7,2012
4cws,7.92,2014
6ql1,6.48,2019
1oe8,5.52,2003
5lso,5.85,2016
5y94,6.79,2018
6dyz,9.2,2019
1pz5,5.4,2003
3uw4,7.77,2012
6arn,5.19,2018
3qgw,5.89,2011
1pb9,3.62,2003
4dff,7.46,2012
3oyq,7.99,2011
5fou,3.95,2016
2fx6,3.7,2006
6r1d,5.4,2019
3sha,5.59,2012
6nu5,5.15,2019
3qfz,3.24,2011
3igp,7.02,2010
3oy0,8.0,2011
1li6,3.8,2002
2y82,8.4,2011
1mtr,8.4,1996
3u90,4.62,2012
5mro,5.7,2017
2h4n,8.7,1997
3gy3,5.63,2010
5aml,9.15,2015
5hcv,8.7,2016
3nu5,8.35,2010
2gsu,3.59,2006
4hws,9.1,2013
456c,9.77,1999
5dpx,4.46,2017
5duw,3.29,2016
1c5t,4.1,2000
3t2q,3.66,2012
4tpw,4.69,2014
6pg7,4.66,2019
3ljz,8.14,2011
4qsu,2.0,2014
3spf,3.86,2012
2wos,3.9,2009
5fnr,4.23,2016
2wr8,5.44,2009
5tef,5.4,2016
2hzl,6.57,2007
2ole,7.25,2008
1v0k,5.1,2004
1h1s,8.22,2002
3f34,3.16,2009
5m7u,8.1,2017
6dh8,9.84,2018
6gnm,4.26,2018
1gjc,6.35,2002
4zbf,7.13,2015
2ez7,4.36,2006
4yx4,5.97,2016
6qav,8.31,2019
4wkn,9.72,2015
4iva,7.16,2013
6st0,5.13,2019
6pu3,5.23,2019
6n9l,6.7,2019
2ha2,4.66,2006
2qwe,7.48,1998
4pf5,5.48,2014
5nap,7.95,2018
3rlp,7.08,2011
3qqa,5.82,2011
3e3c,5.62,2009
3kiv,4.7,1999
4de5,3.15,2013
2v54,4.6,2008
4oeu,7.66,2014
2rka,3.0,2008
5eis,5.74,2016
4xiq,7.07,2015
1zea,5.22,2006
4nh8,8.52,2014
6ixd,9.8,2019
3gjw,8.3,2010
5n9r,5.59,2017
4bi6,3.95,2013
5m77,7.61,2017
5azf,4.44,2015
5sz0,9.1,2016
5msb,7.46,2018
3pcf,6.05,1998
4det,5.68,2012
2vb8,4.6,2007
6dh2,10.89,2018
6idg,6.66,2019
2ihj,4.59,2007
6i63,7.01,2019
4abh,4.15,2012
3juk,4.89,2010
4uja,9.05,2016
3k8o,11.07,2010
4lyw,6.63,2014
3fh7,7.6,2010
2zgx,6.74,2008
1hvi,10.92,1994
3hp9,4.59,2010
4dsu,2.82,2012
4q6d,7.36,2014
4k7n,3.48,2014
3sr4,6.54,2011
4pzv,5.7,2014
6q3z,7.36,2019
6gji,3.87,2018
3k8q,11.28,2010
4j7d,4.7,2013
2glp,5.01,2007
4cg9,6.21,2014
2xm1,5.07,2011
4da5,6.44,2013
6ayr,8.39,2018
6fa4,7.29,2018
4n9c,3.9,2014
2x4z,8.57,2010
3qw5,6.45,2012
4g5f,3.05,2013
3d2e,6.42,2008
1w7g,5.1,2006
4uye,8.02,2014
4cd0,9.7,2014
6d2o,5.3,2018
3g32,3.71,2009
2vnt,8.0,2008
6pvw,6.32,2019
6cks,7.82,2018
2uxi,7.3,2007
6b5q,8.24,2018
6plf,6.67,2019
3i73,5.49,2010
1moq,3.46,1998
6jaq,3.95,2019
1jeu,6.82,1997
5l9o,5.4,2016
3v5p,8.96,2012
6e1z,3.82,2019
5vcv,6.82,2017
3wmc,6.51,2014
3ps1,10.17,2011
6cpa,11.52,1991
4ygf,7.68,2015
3tk2,4.62,2012
2xye,8.34,2011
4omk,4.4,2015
5amd,8.55,2015
5th4,2.85,2017
2a5c,4.62,2006
4r4o,5.82,2014
5j7w,4.89,2016
1yqy,7.62,2005
4bny,7.1,2013
4elf,8.03,2013
1oba,2.44,2003
3t84,6.97,2011
4zzx,6.9,2015
5d47,7.0,2016
4ovg,3.69,2014
1hpo,9.22,1997
2cli,4.3,2007
2vmf,5.85,2008
3r1v,6.92,2011
1o36,5.96,2003
2vpo,5.42,2008
4qp2,3.03,2015
3hl8,4.49,2010
4ibd,3.67,2014
2aac,2.22,1997
3a1c,4.0,2009
6k3l,7.22,2019
4fev,5.42,2012
5n31,5.79,2017
4ehz,8.0,2012
1p19,4.11,2004
6r11,4.92,2019
4b35,2.89,2013
4mss,6.4,2013
5fsy,5.89,2016
1fkn,8.8,2000
3pwm,9.1,2011
3l4x,6.89,2010
3ldp,5.62,2011
5n99,4.21,2017
1rpj,6.48,1999
5nyh,7.73,2018
1d09,7.57,2000
4lm3,2.92,2014
4q3u,6.44,2014
3wtl,7.04,2015
2r5p,8.48,2007
3uzj,5.55,2012
4a6s,5.2,2012
5lz7,6.28,2016
1oxr,5.19,2004
5ota,5.74,2017
3h78,4.24,2009
4dkp,5.72,2012
3jrs,4.28,2009
5ta2,7.96,2017
4cd5,6.71,2014
6pgb,4.6,2019
5kby,8.82,2016
6pve,7.37,2019
2nsj,4.79,2007
1jmf,5.77,1998
6c2r,9.1,2019
2h4g,6.52,2006
1gi7,4.51,2002
4aci,2.22,2012
2ya8,5.75,2011
3ozr,5.15,2011
3f15,8.1,2008
4pow,6.3,2014
2fpz,3.96,2006
4kmz,8.57,2013
5cso,6.03,2015
2vh0,8.51,2008
2r0h,3.51,2008
1dqn,8.0,2000
6ghh,6.71,2018
1tq4,6.19,2004
3p3t,7.24,2011
4cwr,8.3,2014
3ta1,3.25,2011
1j14,4.49,2002
6f9g,5.7,2018
3sur,4.15,2012
5ovv,4.48,2018
3d91,9.15,2008
1lrh,6.82,2002
1hvk,10.96,1994
5fot,3.17,2016
5t7s,4.1,2017
4p6c,4.0,2015
1o0f,5.3,2003
6cbf,5.17,2018
4i7k,3.04,2013
6hqy,6.44,2018
5b5g,5.25,2017
3fql,7.15,2009
5jfp,9.32,2016
3zm9,7.42,2013
5ii2,4.89,2016
1f0s,7.74,2000
4cpz,7.68,2014
3l3n,8.18,2010
1i9n,8.66,2001
3s8n,6.21,2011
3pwd,6.66,2011
5g57,8.4,2017
3alt,2.92,2011
4elg,8.16,2013
3g34,2.96,2009
2vvu,8.1,2009
1oif,7.72,2003
6gla,7.57,2018
1duv,11.8,2000
3sus,4.15,2012
6c0s,7.05,2018
5uc4,6.46,2018
6gnr,5.44,2018
6iht,5.21,2019
4oc0,6.5,2014
3myq,7.52,2011
6ic2,6.04,2019
5ltn,5.27,2017
2wl0,7.8,2009
2vk6,5.3,2008
5jt9,6.63,2016
2fle,7.85,2007
2pgz,5.74,2007
2g94,9.52,2006
1k21,8.38,2002
2ra0,7.8,2008
2cgr,7.28,1994
4x8o,6.6,2015
2bt9,6.19,2005
4ou3,4.41,2014
5t8p,5.89,2017
4jz1,6.7,2014
3nkk,4.7,2010
4w9j,6.23,2014
5nvx,7.05,2017
2wb5,9.13,2009
1hbv,6.37,1995
3jdw,3.6,1998
1o5a,6.42,2004
4few,5.21,2012
1ppk,7.66,1994
4d8z,6.29,2012
5otz,5.19,2018
1xk5,6.0,2005
3lq2,5.22,2010
2on6,6.76,2007
6rfw,6.5,2019
5voj,8.44,2017
1njd,5.57,1996
6ets,5.64,2019
5yyf,6.48,2018
3mna,7.39,2011
4hbm,7.92,2012
2j34,7.82,2006
4gzt,7.77,2012
5cy9,6.66,2016
2usn,6.51,1998
2uy3,3.22,2007
2wc3,6.08,2009
5n3y,5.03,2017
2h6b,5.39,2006
5mgk,4.0,2017
2yfx,8.09,2011
4ew3,6.74,2013
4llj,3.42,2014
3f6e,2.38,2008
2qbw,7.25,2008
6hk4,8.55,2019
5vyy,6.21,2018
5y13,5.94,2018
6czb,4.33,2018
2jds,8.2,2007
3f70,4.85,2009
2xxx,6.41,2011
3zqe,4.23,2011
5efc,4.85,2015
1kzn,8.92,2002
1hk4,5.31,2003
4dkq,6.6,2012
1sh9,6.03,2004
1c70,10.3,2000
2ri9,3.22,2008
2p3a,7.96,2007
6b98,4.65,2017
1afk,6.62,1998
4rrf,3.62,2015
1ttm,7.35,2004
4m8x,10.2,2014
4x6n,8.82,2015
3ckb,2.98,2008
5fpk,3.55,2016
6no9,10.52,2019
4dbm,7.62,2012
3jy0,8.3,2009
5kqy,9.29,2016
4b5t,3.33,2012
5o87,6.61,2018
6jam,5.23,2019
4unp,3.23,2015
4oc2,8.28,2014
1e4h,8.41,2000
6gon,5.67,2018
3b7r,7.7,2008
4nbn,4.36,2013
5yz2,4.95,2018
6eqw,10.65,2018
1fzk,8.4,2001
3iae,3.89,2010
4o6w,8.52,2014
5mpz,4.07,2017
5j8u,6.47,2017
2p09,6.35,2007
1o2n,6.09,2003
5kat,4.1,2016
5efh,6.1,2016
5u28,7.17,2017
5f62,8.17,2017
1vyf,8.05,2004
6ftp,5.82,2018
1fkf,9.4,1991
4rpo,7.64,2014
2q8m,4.03,2007
1odj,4.1,2003
5e2o,8.7,2015
4z1j,8.11,2015
6hzb,8.98,2019
3l4w,6.0,2010
5i7y,7.28,2016
6en5,7.94,2017
6ghj,2.16,2018
3qlm,6.37,2011
2zmm,7.6,2008
4zt8,4.39,2015
4xoe,5.0,2016
1w5v,8.15,2004
1p1o,5.76,2003
5f1v,6.85,2016
1zoe,7.4,2005
2pk5,10.7,2007
3p8z,6.09,2010
1ikt,3.4,2001
5fe7,3.31,2016
4jkw,4.16,2013
4pg9,7.8,2015
3djo,4.39,2009
2j7b,6.62,2006
4e9u,5.82,2012
1lan,7.22,1995
1ela,6.36,1994
4qxo,5.51,2014
2boh,8.52,2006
6ajy,5.28,2019
2jg0,7.82,2007
6of5,5.35,2019
4u6c,5.0,2015
6pvv,5.85,2019
2qtg,5.08,2008
4rvr,6.87,2014
1oyq,6.96,2003
4nnr,7.26,2014
6gga,4.85,2019
1k9s,6.52,2001
2q1q,8.15,2007
1jys,3.52,2002
3su1,6.68,2012
1c87,4.2,2000
5nya,6.38,2018
3uod,7.31,2012
6e1y,7.66,2019
3bpc,4.8,2009
5gmn,4.73,2017
4fnn,7.57,2012
1r1h,8.92,2004
1y1z,3.08,2005
1gyy,3.64,2002
5kly,7.21,2017
2zjw,7.7,2009
5btx,3.55,2015
5y12,6.23,2018
6dyy,10.55,2019
1egh,5.7,2000
5n0f,6.05,2017
4bt5,2.76,2013
5w1e,5.24,2017
4dcs,5.1,2012
1ssq,6.0,2004
5igm,7.38,2016
3bxh,4.03,2008
6gjj,3.7,2018
6gzm,8.26,2018
3n7o,7.14,2010
5ef7,9.0,2016
4oc1,6.6,2014
2aqu,9.32,2006
1e1v,4.92,2001
1ksn,9.4,2002
5j86,8.26,2017
4kz3,2.77,2014
3fat,7.64,2008
4a4q,9.4,2012
4qev,7.66,2014
5ko5,4.57,2017
5kh3,4.22,2016
3rtf,7.35,2011
4zx0,8.0,2015
1l8g,6.22,2002
6gdy,5.46,2019
3hww,7.12,2009
3zv7,5.92,2012
5jgi,4.3,2017
4uac,6.54,2014
4lov,7.77,2014
5j6l,7.89,2017
5evk,4.92,2016
2y8c,6.4,2012
6p89,5.01,2019
4cg8,6.96,2014
4rhx,5.8,2015
6qr2,5.49,2019
4x5r,7.85,2015
5acy,8.19,2015
3kgq,2.3,2010
3vbd,8.07,2012
1pgp,5.7,1995
1nfw,8.96,2003
6hsh,7.55,2018
3eeb,5.89,2008
4emf,7.08,2012
5k1d,4.68,2017
2pvh,6.59,2008
2w9h,6.37,2009
1bnt,9.8,1999
6ugz,7.72,2019
5nzn,3.66,2018
1hpx,11.26,1996
4ngp,7.96,2014
5kad,4.43,2017
3bu1,8.15,2008
3mof,3.07,2010
4pin,5.4,2014
2pvm,6.44,2008
6r1b,5.44,2019
5tcj,7.38,2017
5yfs,4.86,2018
5t9w,5.59,2017
3g2y,2.0,2009
3d52,3.28,2008
1h2t,7.89,2002
2q55,8.69,2007
3hkq,5.34,2009
4f7v,5.38,2012
5eqe,3.88,2016
4jne,5.86,2013
4l2l,5.7,2014
5edc,7.66,2016
4m12,6.05,2014
5nih,6.87,2017
5zae,6.81,2018
4crl,9.71,2015
5lyr,7.89,2017
1izh,7.7,2002
6f9u,5.13,2018
2z1w,4.08,2007
4hdf,8.49,2013
2vwl,7.02,2009
1m1b,4.66,2002
4cpt,7.7,2014
5ceq,7.38,2015
6euw,7.77,2017
5sz1,8.92,2016
6c9v,6.92,2019
5ula,7.11,2017
5l30,9.14,2016
2baj,8.4,2005
2zft,6.52,2009
6r13,4.7,2019
5mqe,5.4,2017
2j27,3.52,2007
5nea,10.3,2017
4css,8.46,2015
3nox,8.66,2010
6i66,6.74,2019
2f80,8.18,2006
6h1d,5.6,2019
2izl,6.0,1998
4u5o,2.42,2015
3zlr,9.26,2013
3gc4,7.6,2009
1f73,2.39,2000
5bwc,7.21,2015
4ara,6.05,2012
4buq,8.14,2014
6n78,9.68,2019
6f28,5.67,2018
1cet,2.89,1999
4l9i,4.89,2014
1bnq,9.49,1999
3fv3,9.52,2009
5d3l,6.06,2016
1bnv,8.77,1999
3ouj,6.05,2010
5eng,5.85,2016
1n0s,7.45,2003
4ca8,6.68,2013
1v48,7.8,2004
5exw,6.82,2016
3iw5,6.08,2009
1g85,5.48,2002
1ui0,7.06,2003
2d1o,7.7,2006
5jg1,8.72,2016
2pwg,4.82,2007
5dqe,3.63,2015
6jtc,5.07,2019
4dst,2.96,2012
5fdc,7.46,2016
2hoc,9.52,2006
1fv0,5.93,2002
4o09,7.7,2014
4ymx,7.1,2015
2e9u,8.1,2008
4qgi,3.9,2014
6eeo,6.43,2018
5nn5,5.47,2017
4nxv,5.42,2013
1ecq,3.0,2000
1ql7,5.0,2000
6gnp,4.55,2018
3ctt,6.35,2009
1nq7,6.8,2003
1dud,4.82,1996
4i3z,4.29,2012
3po6,7.06,2011
3rux,9.28,2011
4l51,3.0,2013
3bgb,6.05,2008
1zs0,6.15,2006
1nw5,5.21,2003
3ipu,7.32,2010
3ovn,2.55,2011
5dh4,7.24,2016
1pot,5.49,1996
3cd7,7.84,2008
3djk,10.59,2008
1b4z,5.23,1999
6dd0,5.48,2019
6hza,9.3,2019
6g14,5.49,2018
3ubd,5.54,2012
5k9w,4.59,2017
4ly1,7.26,2013
5otc,4.71,2017
4mo8,8.0,2013
4k6i,6.2,2013
5ia5,7.6,2016
2c94,6.82,2006
1tom,8.3,1997
5mwy,7.0,2018
3b7u,7.74,2008
6d1d,4.47,2019
4zx4,7.11,2016
1fm9,9.0,2001
3lmk,5.94,2010
5om2,4.06,2018
3std,11.11,1999
6ndl,7.19,2019
3q6w,7.57,2011
4kx8,7.13,2013
1gvx,7.22,2002
3mjl,2.44,2010
5ewy,4.3,2016
5hbn,4.89,2016
5qqp,8.28,2019
4zvi,6.33,2015
4b5w,3.33,2012
3imc,2.96,2009
3f7g,7.37,2009
4gzp,7.84,2012
5mxf,3.59,2017
3ppp,5.22,2011
5tkj,8.15,2018
5uk8,6.4,2017
4xu0,9.11,2015
5mrp,5.52,2017
1j4r,7.72,2001
5d2r,5.82,2016
1br6,3.22,1998
5km9,4.25,2017
3lxe,6.6,2010
6i13,5.12,2019
3cs7,10.68,2008
4knj,7.95,2013
5yh8,6.78,2018
1v2w,4.01,2004
2za5,8.43,2008
4gah,6.1,2012
4ayp,6.12,2013
1lbf,7.85,2002
6ajz,4.34,2019
1wdn,6.3,1998
4n6g,5.47,2014
2gv6,7.34,2006
5itp,5.0,2016
5tuo,6.49,2017
6eq3,6.15,2018
4na9,7.39,2014
2qi6,10.57,2008
5fsc,2.36,2017
2fw6,2.92,2006
4ryd,11.26,2015
6b59,8.09,2018
4q1w,11.7,2015
6md8,2.38,2019
6oqd,9.85,2019
3iod,4.1,2009
6b7b,2.89,2017
5tya,4.48,2017
2oxx,6.7,2007
3ffp,7.14,2009
1fq5,8.4,2000
3ijh,4.0,2009
2wgj,8.7,2009
1bju,4.8,1998
3mzc,6.65,2011
1vzq,7.44,2005
3ip5,6.22,2010
4io6,4.82,2013
5f25,5.04,2016
3v3q,6.6,2012
4cjr,3.1,2014
5g17,6.7,2017
3t09,3.8,2012
3djv,4.55,2009
4i72,9.05,2013
3el9,8.4,2009
5mpk,8.52,2018
4i71,7.74,2013
5wl0,9.17,2017
5vd0,6.49,2017
2yfa,5.07,2012
3vf7,9.1,2012
6elp,6.63,2018
5i3a,5.05,2016
2cer,9.22,2006
3bwj,6.5,2009
3dri,4.42,2009
3tay,3.38,2012
5mge,4.06,2017
6o5a,6.29,2019
4pqa,5.55,2014
5i7x,7.28,2016
4afg,8.3,2012
1y3n,5.55,2005
2nn7,6.52,2007
1msn,9.09,2003
4hj2,2.53,2013
4lm1,3.23,2014
4pp3,7.82,2014
1mmq,7.52,1996
1mfa,5.04,1994
4ymb,6.21,2015
6hh3,6.24,2018
4i9h,7.17,2013
4en4,5.52,2012
4p58,4.6,2014
4eo6,8.7,2012
4ibg,3.97,2014
2hmu,7.7,2006
5jss,6.45,2016
2ypi,4.82,1991
4mmp,7.71,2014
1stc,8.1,1998
5ka1,4.48,2017
4g0y,2.3,2012
6udt,10.0,2019
4hym,8.22,2013
1sgu,5.37,2004
1e2k,4.94,2000
6qqw,4.72,2019
6np3,6.47,2019
3jyr,5.54,2010
3lzs,10.96,2010
1ucn,5.22,2003
6p85,4.99,2019
5mwp,7.5,2018
3gqz,2.17,2009
2hhn,7.49,2007
4ew2,6.68,2013
3hl5,4.47,2009
6i14,5.82,2019
2py4,6.7,2007
6o5x,7.66,2019
3n8k,4.05,2010
2jgs,6.62,2008
5j82,6.0,2017
6cbg,3.95,2018
5hrw,5.48,2016
4qtl,6.92,2015
5ulp,4.61,2017
2cgf,6.41,2006
6e23,10.0,2019
1bhf,4.38,1998
2ylc,7.89,2011
5lny,7.38,2017
2uyq,5.68,2007
4qjx,7.28,2015
2pvj,8.1,2008
3ts4,8.72,2012
1d4p,6.3,1999
6ayi,6.68,2017
3pcj,7.22,1998
4o0x,7.17,2014
6hd6,5.7,2018
2q7q,5.3,2007
5vi6,8.52,2017
4ynl,4.62,2015
5n0e,8.44,2017
5jsq,4.67,2016
4y79,7.96,2015
6fmj,6.12,2018
6g34,8.24,2018
6qqv,4.92,2019
4ha5,7.24,2012
4djw,6.28,2012
2w67,4.96,2009
4qf8,7.51,2014
3l4u,7.52,2010
3uw5,7.85,2012
6o95,8.29,2019
3lvw,2.67,2010
4q6e,6.18,2014
6p84,4.81,2019
5yhe,6.69,2018
5uv2,4.4,2017
6fe1,8.48,2018
3c2f,2.0,2008
6pg3,3.32,2019
1uvt,7.64,1997
4egk,7.72,2012
6r4k,5.07,2019
1pzi,4.22,2004
4io3,6.06,2013
5o4f,6.68,2017
5oot,7.55,2017
1bq4,5.22,1998
6ey8,5.81,2018
4alx,7.28,2012
6q4g,4.3,2019
6dh6,9.93,2018
4q4q,5.79,2014
6fh3,3.07,2019
2d1n,8.15,2006
3nu6,9.3,2010
5dus,5.53,2016
3fjg,3.73,2009
3c2r,3.11,2008
4zx1,6.14,2015
2q64,8.52,2008
5j64,6.85,2017
4azg,7.1,2013
5u0y,6.08,2017
2gh9,6.0,2007
5oxk,2.17,2018
3t5u,7.59,2012
2h4k,5.49,2006
5lsg,5.4,2017
6dj1,10.51,2018
6el5,6.88,2018
3iog,5.52,2010
1swr,6.92,1999
3r4p,7.96,2011
2isw,7.43,2006
6ne5,10.52,2019
5i2f,6.49,2016
3lpi,8.52,2010
1m2p,6.11,2003
4r5b,6.73,2014
2vvc,8.52,2009
1afl,6.28,1998
1hlk,5.0,2001
1adl,5.36,1994
1k6v,6.92,2002
2jew,6.69,2007
2wly,6.6,2010
1hpv,9.22,1995
5u11,5.35,2017
3sv2,4.19,2012
5l7g,7.8,2016
1gvw,6.96,2002
2uy0,6.92,2008
6fnf,7.89,2018
5bry,11.82,2015
4non,5.24,2014
3wjw,3.87,2013
2jdm,5.4,2007
3c4h,5.7,2008
6h33,9.22,2018
3ao2,3.77,2011
3g0i,3.6,2009
2pvu,6.31,2008
2bok,6.55,2005
3p7i,7.7,2011
5mby,3.51,2017
3v78,5.54,2012
5kcb,6.0,2016
1tlp,7.55,1989
5d48,7.52,2016
4kxb,4.12,2013
1olx,4.33,2003
6h5x,10.82,2018
5hz9,7.03,2016
1qf0,7.38,1999
4m7j,6.11,2014
1bv7,10.3,1998
2o4j,10.1,2007
5j1r,4.66,2017
5g1z,5.32,2017
2ypo,4.68,2013
4luz,4.7,2013
5vkc,8.74,2017
5llp,9.24,2017
5j8z,8.3,2016
2r38,7.44,2008
3nu3,9.82,2010
4x48,6.77,2015
3ddf,4.66,2008
6j3o,5.62,2019
3u5l,6.19,2011
6qgh,8.15,2019
1dhj,6.55,1994
2pqz,5.67,2008
5umx,5.96,2018
5drr,11.46,2016
6hgr,3.46,2019
5wuk,7.85,2017
4p6x,7.04,2014
3egt,8.9,2009
3zyf,4.85,2011
4pb2,4.8,2014
1fhd,6.82,2000
1qan,4.48,2000
4f3k,10.16,2013
4q3t,6.48,2014
6n7b,9.22,2019
2epn,7.22,2008
1g52,9.54,2000
1lah,7.52,1995
6om8,5.16,2019
4iue,6.55,2013
2y7x,8.89,2011
3s54,9.64,2012
5anv,9.3,2016
3t6b,6.36,2012
2hjb,4.39,2007
2uyn,2.7,2007
1o3l,6.54,2003
1txr,7.74,2004
4rwj,8.7,2015
5ka7,4.35,2017
2fgu,9.18,2006
3su0,6.79,2012
4avj,7.44,2012
1e6q,3.15,2001
4e1k,6.3,2013
5ioz,4.96,2017
1o3j,6.77,2003
2v77,5.06,2008
5ehv,3.08,2016
4ymg,4.68,2015
4zw6,5.72,2016
6pg6,3.7,2019
5etj,10.18,2016
6qmk,7.46,2019
4wrb,6.19,2015
4mdn,6.22,2013
6qlo,5.06,2019
3aqt,6.72,2011
6guc,7.6,2018
3m96,7.22,2011
4zip,9.68,2015
4ucc,4.32,2015
6d1k,3.13,2019
5dhu,6.3,2016
2xpk,11.3,2011
1uho,9.22,2004
6epy,6.46,2018
1m7i,5.4,2003
6d5g,6.6,2018
4nwc,5.76,2014
4qfo,4.27,2015
3pfp,6.44,2011
2o8h,7.6,2007
1szd,4.54,2004
4oag,6.3,2014
6ce6,5.1,2018
5lvl,5.9,2016
6gfs,6.54,2018
1i1e,5.03,2001
5f2p,4.43,2016
2e27,9.35,2007
6d1b,3.91,2019
5d0r,6.37,2016
6dyv,10.59,2019
3l3l,7.48,2010
1m48,5.09,2002
2clk,3.79,2007
1nfu,7.74,2003
2fqw,6.68,2006
3tkw,5.27,2012
3l4v,6.72,2010
6qau,7.48,2019
3fhb,5.7,2009
7std,10.72,1999
3veh,4.96,2012
5g46,2.6,2016
5e2s,9.01,2016
7upj,8.49,1997
3ml2,8.05,2011
3uxl,5.57,2012
4xya,5.86,2015
6czf,5.8,2018
3pbb,7.02,2011
6hk3,7.5,2019
4ynb,10.37,2015
4emr,7.49,2012
3mf5,5.36,2010
1g4o,8.25,2000
6f9v,6.76,2018
4poh,8.0,2014
6b97,6.63,2017
4mnp,7.34,2014
2aod,5.66,2006
3qx5,4.2,2012
5fns,5.4,2016
2ceq,7.28,2006
5fl4,7.0,2015
3gdt,7.19,2009
1q1g,8.57,2004
4bco,6.88,2013
5l7e,6.6,2016
5ovc,5.96,2018
4zwx,8.7,2015
1ezq,9.05,2000
3gst,6.72,1993
1g35,8.14,2001
1k22,8.4,2002
5evd,5.0,2016
2bak,7.43,2005
6h1u,5.32,2018
6c7x,7.19,2018
3vdb,2.52,2012
2uz9,5.71,2007
4gny,4.22,2013
5exn,7.64,2016
4jpx,5.15,2013
5lvq,4.14,2016
4ll3,11.57,2014
4r3w,3.0,2014
1fch,7.15,2000
4wop,4.76,2015
3rz5,7.89,2011
2yi7,8.32,2012
3iqu,4.77,2010
1pfu,2.72,2004
3rdo,9.85,2011
4fl1,3.28,2012
6qgg,6.3,2019
6p88,4.52,2019
4kfq,8.23,2013
4rsk,4.32,1998
1f8e,4.82,2001
3s78,6.47,2011
1z9y,7.19,2006
6ej3,5.93,2018
3l4z,6.72,2010
5ant,6.36,2016
5vd2,7.1,2017
1y3p,4.82,2005
1i37,9.57,2001
2f6t,4.62,2005
2ihq,8.49,2006
5mod,3.52,2017
4kax,4.77,2013
4qll,3.38,2015
1fkb,9.7,1993
3p8o,8.72,2011
2qci,8.34,2008
1xkk,8.52,2004
4pop,8.13,2014
2xg9,4.15,2010
3gba,9.07,2009
3r5t,8.58,2012
2v2q,4.15,2007
4n8q,3.42,2014
5zw6,8.0,2018
4pnu,4.89,2014
4dju,5.44,2012
6ggf,5.39,2019
2fzc,2.7,2006
1k1n,6.82,2001
6qln,4.66,2019
5ehq,10.48,2016
1fzq,7.62,2000
1t5f,4.22,2005
2wf5,6.0,2009
3dc3,8.31,2009
2euk,6.6,2006
4jyb,6.96,2013
2wyf,4.43,2010
1q5k,7.42,2004
5amg,8.22,2015
5n3v,4.34,2017
2y81,8.7,2011
1d7j,3.3,1999
1g7f,5.47,2001
5nz4,6.28,2018
5e3a,5.44,2016
6nyv,6.51,2019
1a99,5.7,1998
2e7f,6.1,2007
2zfs,6.54,2009
4zv2,2.93,2016
3hub,8.09,2010
5nwi,6.16,2017
3b3w,4.19,2007
4jym,5.04,2013
5d3t,4.92,2016
6cdp,8.79,2018
1pdz,3.7,1995
2zwz,7.79,2009
1d4l,8.77,2000
5nvw,6.77,2017
2vnp,9.92,2008
1sqo,7.46,2004
3bxe,5.48,2008
6n3y,5.44,2019
5nw0,6.52,2017
3hkn,5.35,2009
1qft,8.77,2000
1z6s,4.34,2005
3a1d,4.12,2009
2boj,5.77,2006
5mn1,2.48,2017
1qxl,7.96,2004
5j6n,7.77,2017
5lz5,6.35,2016
3mam,4.12,2011
3n4b,7.02,2011
4zb8,6.03,2015
4rak,7.85,2014
4x8v,6.89,2015
5n24,8.92,2017
5z7j,6.6,2018
2h3e,5.7,2006
2x91,6.74,2010
5u4d,6.33,2017
6ajv,5.04,2019
5sz6,7.0,2016
5boj,7.0,2015
2j2u,7.33,2006
1lpz,7.6,2003
2v95,8.3,2007
2ayr,9.29,2005
1kmy,5.1,2002
6bs3,5.82,2019
6stl,8.8,2019
5nxg,8.55,2018
1d6w,5.96,2000
2p7g,6.53,2008
1rql,2.75,2004
4wk1,5.89,2014
3zsq,4.96,2012
1srg,5.3,1994
4agc,10.7,2012
3i3b,2.23,2010
3mhi,6.7,2010
4ggz,10.18,2013
4mhy,6.47,2014
4jpy,4.43,2013
2olb,5.54,1996
1ta6,9.13,2004
1m7d,6.23,2003
3hf8,6.51,2010
5llg,11.13,2017
4pfu,6.17,2014
4x5y,8.03,2015
3m35,7.22,2010
5ja0,5.22,2017
1ohr,8.7,1998
6fuj,4.3,2018
5cxa,8.05,2016
1hn4,3.82,2001
4zw7,4.72,2016
4ax9,9.57,2012
1sv3,4.35,2004
1fcz,9.22,2000
1g48,8.41,2000
4zba,5.51,2015
4u70,5.02,2015
3m8u,4.89,2010
3tvc,7.74,2012
6h2z,9.3,2018
1fkg,8.0,1994
4r06,6.29,2016
2wvz,4.02,2009
6r1w,5.3,2019
1hi3,4.19,2001
5l9i,7.0,2016
6sge,7.51,2019
4aqh,6.54,2012
3u81,4.44,2012
3f5l,3.72,2009
4loo,8.15,2013
5cs3,2.15,2015
4o2b,5.74,2014
4fys,4.82,2012
3m1k,5.39,2010
5os5,3.39,2017
1utm,3.01,2004
5aa9,8.19,2016
2f8g,8.7,2006
6fnj,6.85,2018
1qk4,4.21,1999
6d5j,6.34,2018
3h1x,5.89,2009
2mas,7.52,1997
1b52,7.12,1999
3oku,6.36,2011
5nvv,6.7,2017
2wlz,4.6,2010
2v59,7.74,2009
6jdl,4.89,2019
6eq8,8.0,2018
3fj7,3.71,2009
4nku,4.67,2013
1bxo,10.0,1998
1okl,6.03,1997
2nt7,6.52,2007
1vyg,8.0,2004
6ecz,6.57,2018
1hi4,4.49,2001
4hpi,4.85,2013
2vt3,4.15,2008
5zo8,8.2,2018
3ryv,7.07,2011
2flr,6.1,2007
1c5n,4.7,2000
4ai5,2.92,2012
1c5y,4.2,2000
3d7k,4.6,2008
2f81,10.52,2006
2gss,4.94,1997
4x8u,2.46,2015
5ipj,8.89,2016
1ppc,6.16,1994
4czs,5.0,2015
1siv,8.08,1994
4ag8,8.96,2012
1w5y,8.48,2004
1mu6,8.38,2004
6e6m,5.75,2019
4gfo,6.62,2013
3su6,6.02,2012
5os7,3.69,2018
3o5x,5.28,2010
2za0,6.64,2008
3ivc,4.12,2009
6g9u,6.43,2018
5x74,8.64,2017
4tmk,7.7,1998
1njc,5.55,1996
5za8,6.29,2018
1hvl,9.95,1994
2avm,5.7,2006
4ahs,2.19,2012
1b55,7.4,1999
6glb,6.89,2018
4ymq,5.8,2015
3ff3,3.57,2009
2y80,8.05,2011
4ca7,7.36,2013
3ryz,8.62,2011
4ase,11.0,2012
2xd9,6.46,2010
4rj8,7.77,2014
5nxi,6.66,2018
1dl7,6.49,2000
5caq,8.57,2015
5b25,10.24,2016
4qjw,7.8,2015
2rd6,8.3,2008
4r5t,6.1,2014
5f2r,4.28,2016
6dpx,5.89,2018
3d1z,8.8,2008
1njs,7.82,2003
4z93,7.35,2015
1add,6.74,1994
1v0l,7.55,2004
5mrm,5.03,2017
4y5d,5.92,2015
5mjn,8.54,2017
1jzs,6.6,2001
4xtv,9.27,2015
1xap,8.7,2004
5ia1,6.28,2016
3own,7.47,2010
6chp,10.12,2018
3fvk,8.82,2010
4l50,6.06,2013
3bxf,5.54,2008
3gy7,4.52,2010
1yej,7.46,1999
3oy8,3.66,2010
1t31,8.64,2005
6u8b,6.37,2019
1if8,9.64,2001
2bfr,5.25,2004
3wz6,5.96,2015
4q81,3.02,2015
5jsg,4.85,2017
3t08,3.04,2012
5cas,8.85,2015
1h6h,5.3,2001
6jfk,4.84,2019
4fz3,3.73,2013
6fhk,7.51,2018
4gu6,7.36,2013
6fs0,9.77,2018
2xef,9.84,2010
6u8o,6.54,2019
4lps,5.74,2013
2bo4,4.61,2005
4ncn,5.67,2014
5u0g,4.58,2017
2q8z,5.68,2008
5wgp,5.62,2018
4tt2,4.66,2014
6qi7,6.46,2019
5dq8,4.14,2015
2e2r,8.26,2007
5ehr,7.14,2016
1m7y,10.96,2002
1m0b,8.82,2004
4yc0,4.13,2015
4jn2,11.68,2013
4idn,5.24,2013
5f63,7.92,2017
1hxw,10.82,1998
3tfp,6.47,2012
1c5c,6.96,2000
5er1,6.02,1991
4r0a,4.26,2015
6arm,4.97,2018
4i7m,4.14,2013
5oh2,4.24,2018
2f7i,7.1,2005
4fcq,7.0,2012
2xp7,5.77,2011
4dq2,7.52,2012
3b92,8.0,2007
3o9a,10.7,2011
3b3c,3.98,2007
5ld8,8.05,2016
6hke,7.68,2018
3fx6,6.8,2009
2p3c,7.62,2007
1oz0,7.7,2003
2vwo,7.51,2009
6upj,6.32,1997
4f6u,6.15,2013
5fhm,5.09,2016
4yhm,9.76,2016
2uwo,8.7,2007
3i60,8.7,2010
4xo8,8.96,2016
2fu8,4.7,2007
2nmz,8.37,2007
3ejp,8.55,2009
1ws1,9.55,2005
1zog,7.15,2005
4trc,4.52,2014
1lvu,5.32,2003
5dxt,9.7,2016
3m67,6.74,2010
4u43,4.32,2014
5nxp,7.99,2018
4j93,4.7,2013
4ban,8.61,2013
1f5k,3.74,2001
5uxf,7.06,2017
1bcd,8.7,1993
1dmp,9.55,1997
6faa,6.75,2018
4b76,4.54,2012
3uyr,6.9,2012
3wtm,7.0,2015
5nbw,8.59,2017
5n25,7.78,2017
5l3a,4.89,2016
4nja,6.22,2014
5m25,8.19,2017
4tte,3.69,2014
6rfn,6.7,2019
3aaq,3.3,2010
1o1s,7.31,2003
5e6o,4.11,2016
3f78,3.1,2009
4kn0,7.4,2013
4ual,8.4,2014
5ta4,7.62,2017
4re4,6.87,2015
1v2t,4.71,2004
2v88,4.09,2007
1ro6,6.46,2004
4dkr,6.52,2012
6oja,9.7,2019
6cfc,3.68,2018
3q7q,5.65,2011
2j4g,6.6,2007
4mc6,9.59,2014
4z83,7.4,2015
3mxe,10.01,2010
4msa,3.3,2014
6hq7,6.11,2019
5ttw,5.96,2017
2qrl,4.0,2007
3czv,7.8,2008
1fh9,6.43,2000
5ueu,7.78,2017
3iue,5.82,2009
5c8n,7.55,2015
6r8w,5.92,2019
5nkc,7.72,2017
2gvv,3.9,2006
6eln,6.05,2018
4np3,3.3,2014
4ad2,6.2,2012
4b5d,7.89,2012
5llh,10.17,2017
5khm,8.3,2016
1nf8,7.82,2003
4qb3,5.47,2015
1k1j,7.55,2001
5e2l,4.03,2016
3nsn,7.19,2010
5ldm,3.86,2017
5l2s,7.08,2016
1a94,7.85,1999
3ekr,7.52,2008
3b4f,8.14,2008
1f8b,5.4,2001
3umq,4.62,2012
3ikg,7.24,2009
5ty9,5.21,2017
4nj9,6.97,2014
1li3,4.25,2002
3o9e,11.3,2011
4q46,3.77,2015
2uy5,5.49,2007
4fht,6.17,2013
4igt,7.89,2013
5ose,3.17,2017
2vxn,5.0,2009
3kgt,5.51,2010
6c7q,9.15,2018
4k7o,4.3,2014
4fk6,9.7,2012
5evb,5.0,2016
4myd,4.55,2014
5fol,3.67,2016
6mqc,8.28,2019
3jup,5.58,2009
2pvl,7.62,2008
5mg2,7.77,2017
6qi4,4.37,2019
5c3p,4.46,2015
1det,4.3,1996
3zi0,7.4,2013
1f8d,3.4,2001
2vpe,4.94,2008
5hjq,4.72,2016
1wuq,8.27,2005
5d45,6.92,2016
3cd5,7.9,2008
3ozg,9.19,2011
4qy3,6.82,2014
3k02,5.0,2010
2j7e,7.32,2006
5vih,7.49,2017
6mh7,5.74,2019
6qr0,6.92,2019
4hf4,8.62,2012
4xty,9.21,2015
1lnm,8.7,2003
6jdi,5.11,2019
4do5,5.83,2012
6eis,6.6,2018
2exm,4.11,2005
1mmr,5.4,1996
4p3h,6.0,2014
6jap,4.8,2019
6csq,6.39,2018
2wyg,8.7,2010
5j41,3.7,2016
6fz4,5.95,2019
5tt3,6.71,2017
4cl6,5.39,2015
4f5y,5.43,2012
4a95,5.76,2012
6s57,5.1,2019
3p9l,5.3,2011
